"","Time","pp","pp_nr5","HR","BR","SkinTemp","Posture","PeakAccel","Accelerator","Brake","Steering","Speed","IN_Lat","IN_Long"
"1",0,0.00423516908333333,0.00435647862449461,74,14.7,-3276.8,-11,0.06,20.6724278308458,55.8824896268657,-350.819328457711,0,1836.067698,-5781.194376
"2",1,0.00377763933333333,0.00434594400465838,77,15,-3276.8,-12,0.06,20.6755036080402,60.9377995025126,-352.480979447236,0,1836.067698,-5781.194376
"3",2,0.00426751233333333,0.00435350059463174,79,15,-3276.8,-12,0.04,20.68866805,43.356446835,-362.53604695,0,1836.067698,-5781.194376
"4",3,0.00407093138095238,0.00437800609425675,80,15.3,-3276.8,-11,0.08,20.6816828606965,22.8013300995025,-413.973291840796,0,1836.06765746269,-5781.19436865672
"5",4,0.00433898379166667,0.00441799515617513,80,15.3,-3276.8,-11,0.06,20.6435400753769,24.0520601708543,-523.120528542714,0,1836.0675599397,-5781.19432790955
"6",5,0.00428692414285714,0.00446829920566663,79,15.6,-3276.8,-9,0.08,20.67195671,14.79629936265,-629.22666305,0,1836.06744627,-5781.19425939
"7",6,0.00445308835714286,0.00449577422564901,78,15.6,-3276.8,-8,0.06,20.708289745,1.230254440825,-637.9246852,0,1836.06728622,-5781.19417653
"8",7,0.00494698447619048,0.00456715131165692,78,15.5,-3276.8,-8,0.07,20.68874308,15.634915285,-638.98092445,0,1836.06703434,-5781.19407666
"9",8,0.004666802375,0.00460246844634318,78,15.5,-3276.8,-8,0.06,20.65827272,14.0465218785,-639.33920515,0,1836.06674664,-5781.19396665
"10",9,0.00460047557142857,0.0046339630421934,78,15.2,-3276.8,-8,0.16,20.64623943,10.784758642,-640.514919,0,1836.06642435,-5781.19388253
"11",10,0.00408352875,0.00467834903827448,77,15.2,-3276.8,-7,0.1,20.635967765,9.30219704225,-639.2974808,0,1836.06607077,-5781.1938477
"12",11,0.00466779214285714,0.00474181361859114,76,15.2,-3276.8,-7,0.06,20.6249351,-1.17664358922,-640.3886884,0,1836.06569436,-5781.19388556
"13",12,0.005675309,0.00480469988642067,74,15.2,-3276.8,-6,0.07,20.64404201,26.192032157,-640.82994535,0,1836.06531651,-5781.19399782
"14",13,0.00486798276190476,0.00484355825548281,73,15.1,-3276.8,4,0.09,20.67095416,29.439585945,-623.51791535,0,1836.06502197,-5781.19403421
"15",14,0.00492807195833333,0.00486063193046793,75,15.1,-3276.8,3,0.09,20.75839526,43.94330175,-510.7611303,0,1836.06487374,-5781.19396593
"16",15,0.00474967685714286,0.00487641349449943,76,15.1,-3276.8,2,0.08,20.98103328,41.474502035,-370.52100855,0,1836.06482556,-5781.19395456
"17",16,0.00444754075,0.00490586968177428,78,15.1,-3276.8,1,0.06,20.78829885,39.733983385,-257.24426795,0,1836.06481923,-5781.1939692
"18",17,0.00562440861904762,0.00494837545017587,80,15.1,-3276.8,1,0.06,21.68377468,-0.2549855991,-104.8489562365,0,1836.06484878,-5781.19394277
"19",18,0.00606711728571429,0.0049828236859468,82,15.1,-3276.8,2,0.04,30.444330805,-3.2065611205,31.41635556045,0,1836.06499461,-5781.19372305
"20",19,0.00474976421428571,0.00498806222571881,84,14.8,-3276.8,2,0.08,32.93408821,-3.9321718131,85.91189213,1.06,1836.06537303,-5781.1931397
"21",20,0.005001975125,0.00497043306371778,84,14.8,-3276.8,3,0.1,30.975506495,-1.80276850865,124.511854605,6.02,1836.06605934,-5781.19205229
"22",21,0.00562861435714286,0.0049431781763247,83,14.5,-3276.8,-3,0.13,31.31427879,-2.318178372286,28.5992684853,10.42,1836.06707199,-5781.19047558
"23",22,0.0046611065,0.00491927376329361,81,14.5,-3276.8,-5,0.08,28.14839234,-1.22410430365,-39.226663815,12,1836.06816171,-5781.18858546
"24",23,0.00462501535,0.00492972595481174,79,14.3,-3276.8,-6,0.1,24.848046725,-0.4291221717515,-68.433453905,13.89,1836.06935973,-5781.18657009
"25",24,0.00531609486363636,0.00491687823539031,77,14.3,-3276.8,-6,0.03,30.02773301,-0.321977350175,-107.5117367,13.45,1836.07072254,-5781.18454251
"26",25,0.00508823971428571,0.00492360769088714,77,14.4,-3276.8,-6,0.09,29.4494407,-1.465895294192,-83.574241655,16,1836.0723804,-5781.1825584
"27",26,0.00472583495833333,0.00491356515474756,77,14.4,-3276.8,-7,0.15,27.63317286,-1.676830089697,-11.24052149174,16,1836.0743016,-5781.18069399
"28",27,0.0044757937,0.00490312473916695,79,14.4,-3276.8,-10,0.13,21.39079785,10.26741073135,32.7211729,17.135,1836.07630596,-5781.17877873
"29",28,0.00485265275,0.00491919879505034,83,14.4,-3276.8,-12,0.09,21.845259075,34.033911595,60.73722899,16.655,1836.07808463,-5781.17677113
"30",29,0.00517076265,0.00494255401080647,82,14.5,-3276.8,-12,0.06,21.28519857,28.3348046,63.415579725,15.135,1836.07940265,-5781.17491335
"31",30,0.00485180225,0.00498000610009307,79,14.5,-3276.8,-12,0.06,21.469262975,40.695435465,59.914117435,13.7,1836.08034795,-5781.17321832
"32",31,0.0053666860952381,0.00502119645491529,75,14.5,-3276.8,-11,0.04,21.823141425,35.469842435,65.536320475,10.325,1836.08092701,-5781.17195505
"33",32,0.00522497833333333,0.00506333869063467,72,14.5,-3276.8,-11,0.04,21.580708295,34.69054877,57.738710425,7.325,1836.08124954,-5781.17114049
"34",33,0.00569889819047619,0.00510388768349479,68,14.3,-3276.8,-11,0.04,21.55951817,38.124771075,2.69529528175,4.39,1836.08139363,-5781.17066889
"35",34,0.00469257133333333,0.00515399101439837,65,14.3,-3276.8,-11,0.04,21.540822055,30.43347864,-23.19799282,3,1836.08142903,-5781.17050512
"36",35,0.00501408185714286,0.00522743373273922,64,13.7,-3276.8,-11,0.04,21.365520835,29.44205716,-23.556111425,3,1836.081426,-5781.17050677
"37",36,0.00596214416666667,0.0053156127331137,64,13.7,-3276.8,-11,0.04,21.29847697,31.9641754,-23.32038342,2.19,1836.08143137,-5781.170508
"38",37,0.00621909614285714,0.00538411204440626,64,13.3,-3276.8,-11,0.04,21.27499168,28.92432522135,-21.343030555,0,1836.08143563,-5781.170508
"39",38,0.00738456025,0.00539465029883359,64,13.3,-3276.8,-11,0.04,25.054634955,0.501633001395,-12.346315152,0,1836.08147169,-5781.17043303
"40",39,0.00655024928571429,0.0056211915398128,64,12.9,-3276.8,-11,0.04,30.612779525,-0.023570586878,-8.217412015,0,1836.08162547,-5781.17005905
"41",40,0.00622694233333333,0.00554315074335172,65,12.9,-3276.8,-11,0.04,36.325541165,0.4842342107365,-9.531222734,3.765,1836.08196624,-5781.16920159
"42",41,0.00679851692307692,0.00542544512671683,65,12.5,-3276.8,-11,0.03,38.66757089,0.0903372015551,-26.9903043595,8.51,1836.08254266,-5781.167712
"43",42,0.00491493628571429,0.00525504389512831,65,12.5,-3276.8,-11,0.04,38.28972785,1.588004392623,-133.32945266,11.29,1836.0833763,-5781.16562943
"44",43,0.00478665035714286,0.00516806711567317,65,11.8,-3276.8,-11,0.06,37.69633119,1.61450455815,-238.2225247,14.72,1836.08461854,-5781.16337211
"45",44,0.005043542,0.00503203254128635,65,11.8,-3276.8,-11,0.04,37.384915985,0.362005667415,-316.85388355,17,1836.08661537,-5781.1614735
"46",45,0.00494165521428571,0.00491225392163518,66,11,-3276.8,-11,0.04,37.99675607,-2.39268331,-284.96617595,19.42,1836.08947143,-5781.16076457
"47",46,0.0042462714375,0.00481193293463619,66,11,-3276.8,-11,0.03,42.47015368,-2.012462400585,-90.19654749,21.69,1836.09266286,-5781.16183044
"48",47,0.00428482664285714,0.00473726796546951,67,10.2,-3276.8,-11,0.06,43.6837807,-1.818444678328,-10.9289198275,24.14,1836.09602076,-5781.16388316
"49",48,0.00479714753846154,0.00476387767285457,70,10.2,-3276.8,-12,0.04,41.689196575,-0.284761601035,-11.117144188,27.21,1836.09981234,-5781.1661913
"50",49,0.00567817128571429,0.00477304428172565,72,9.5,-3276.8,-11,0.03,36.73739707,-0.45539644553,-10.9490324565,30.14,1836.1039929,-5781.168648
"51",50,0.004985898875,0.00457820869671224,71,9.5,-3276.8,-11,0.04,39.867065055,-2.8295695192,-8.89395206,32,1836.10841808,-5781.17118246
"52",51,0.00459707792307692,0.00450605336453062,70,8.8,-3276.8,-11,0.04,39.498314065,-2.19440931646,-12.168778288,34.04,1836.11310126,-5781.17381256
"53",52,0.00444976225,0.00462754409357137,69,8.8,-3276.8,-11,0.06,34.71969585,1.67523636752,-4.217104522995,36.54,1836.11805918,-5781.1765269
"54",53,0.004580476,0.00451649630232631,70,8.2,-3276.8,-11,0.06,37.907461155,2.3525980892625,0.894010826365,37.25,1836.12318492,-5781.17917872
"55",54,0.004109471375,0.00440821411034976,72,8.2,-3276.8,-11,0.13,38.07229878,-1.40500324914,5.63544335235,38.89,1836.12850578,-5781.18163296
"56",55,0.0043719765,0.00431088391840314,73,7.7,-3276.8,-11,0.04,37.56901761,-2.751059545525,9.816675546,39,1836.13411476,-5781.18378294
"57",56,NA,NA,77,7.7,-3276.8,-11,0.06,36.038039545,0.10685100206,11.497962654,40.42,1836.13998078,-5781.18550254
"58",57,0.00434525025,0.00415998685903717,78,7.5,-3276.8,-11,0.04,36.010499905,-0.53500967693,7.321723479,41.26,1836.14604864,-5781.18674292
"59",58,0.003393776,0.00412254232305491,78,7.5,-3276.8,-11,0.04,32.55215299,1.9027451435,6.462984946,42,1836.15231288,-5781.18744078
"60",59,NA,NA,77,7.4,-3276.8,-11,0.07,22.338445,2.77201293723,11.3488592695,42,1836.1586622,-5781.18750474
"61",60,NA,NA,78,7.4,-3276.8,-11,0.04,22.14912795,22.3525067392,6.95986828045,42.98,1836.16492764,-5781.18695388
"62",61,NA,NA,78,7.6,-3276.8,-11,0.04,21.547117405,32.466435685,-0.54066820367,40.995,1836.17081682,-5781.1860006
"63",62,NA,NA,79,7.6,-3276.8,-12,0.06,21.57669572,30.242219495,-10.6248625777,37.925,1836.17614452,-5781.18498936
"64",63,NA,NA,80,8,-3276.8,-12,0.06,21.50136417,28.95272041,15.197010989,35.71,1836.1811793,-5781.18407076
"65",64,NA,NA,79,8,-3276.8,-12,0.06,21.61841008,30.78811056,22.17729286,33.38,1836.18584064,-5781.18290124
"66",65,NA,NA,79,8.4,-3276.8,-12,0.03,21.623355205,32.88545515,24.16432346,30.83,1836.19000722,-5781.18128886
"67",66,NA,NA,79,8.4,-3276.8,-12,0.03,21.64635314,37.23433471,18.823650451,28.22,1836.19371258,-5781.17933454
"68",67,NA,NA,79,9.1,-3276.8,-12,0.04,21.9474992,30.47259021,-26.9420569134,26.02,1836.19698858,-5781.1773081
"69",68,NA,NA,79,9.1,-3276.8,-12,0.04,24.41098729,-5.46756685615,-162.89613102,23.985,1836.20003436,-5781.17550618
"70",69,NA,NA,80,9.9,-3276.8,-12,0.04,34.1544628,-5.468974346,-200.9271028,23,1836.20331834,-5781.1746654
"71",70,NA,NA,81,9.9,-3276.8,-12,0.04,38.582495345,-3.10854718465,-165.79007115,23,1836.20688504,-5781.17530932
"72",71,NA,NA,82,10.7,-3276.8,-12,0.04,43.530030075,-1.4830412778625,-98.27864184,25.84,1836.21039564,-5781.17744508
"73",72,0.00376902075,0.00446164042847411,81,10.7,-3276.8,-11,0.03,44.77735003,-0.0558976111005,-41.700769085,27.94,1836.2137254,-5781.1806285
"74",73,0.00390613458823529,0.00434780570691279,81,11.5,-3276.8,-12,0.07,44.45077788,-0.22598449833,-17.9236198895,30.56,1836.2171517,-5781.18440094
"75",74,0.0032469223,0.00416072283036993,81,11.5,-3276.8,-11,0.04,43.42343978,-0.366359633732,-12.3902036805,34.11,1836.22078734,-5781.1885851
"76",75,0.00348400617647059,0.00413355761586576,81,12.4,-3276.8,-11,0.06,41.583632455,-2.9791741618,-9.321798947,35.34,1836.22464276,-5781.19304148
"77",76,0.00342302526315789,0.00405832968377596,82,12.4,-3276.8,-11,0.04,41.252937105,-2.20153396069,-12.41729797,37.34,1836.2286741,-5781.19768062
"78",77,0.00339656120833333,0.00402703052120443,81,13,-3276.8,-11,0.04,41.848159485,-0.9562758734565,-12.1971964231,38.7,1836.23287698,-5781.20252484
"79",78,0.00361700252380952,0.00403238228539165,79,13,-3276.8,-11,0.03,40.48072671,-0.1223150377545,-11.2585259,41.74,1836.23723196,-5781.20758776
"80",79,0.00377118145833333,0.00406124258245115,77,13.8,-3276.8,-11,0.03,37.020526345,0.26197756233,-11.371578047,42.06,1836.24171888,-5781.2128296
"81",80,0.00395350007142857,0.00414548261957932,75,13.8,-3276.8,-11,0.06,36.5858149,1.140159426045,-10.670938267,43.45,1836.2463027,-5781.21817668
"82",81,0.0039256443,0.00417525120181478,75,14.2,-3276.8,-12,0.09,33.985358505,2.4099262419,-12.790010135,44.1,1836.2509509,-5781.22358718
"83",82,0.00373402280952381,0.00419885941616022,75,14.2,-3276.8,-14,0.07,35.08468461,2.064832911675,-12.340470436,45,1836.25561584,-5781.22904238
"84",83,0.00468729225,0.00426588211300358,75,14.6,-3276.8,-15,0.12,32.26524682,2.200372292505,-10.02343308835,45,1836.26031846,-5781.2345484
"85",84,0.00428691261117647,0.00426980186492379,76,14.6,-3276.8,-18,0.06,32.68981688,3.2384112196,-10.548923457,45,1836.2650725,-5781.2400693
"86",85,0.0040053948125,0.00423540146965458,76,15.2,-3276.8,-18,0.03,34.717387425,0.172159262082,-12.864949153,45,1836.26982102,-5781.2455635
"87",86,0.00358224542857143,0.00401070327909537,76,15.2,-3276.8,-18,0.04,34.72315415,1.30265723894635,-11.19293307,45,1836.27456834,-5781.25108344
"88",87,0.00344496225,0.00400408834625211,75,15.8,-3276.8,-17,0.12,34.826714385,0.6910387165155,-10.5626401395,45.86,1836.27935406,-5781.25664778
"89",88,0.00379260028571429,0.00401920290004531,74,15.8,-3276.8,-17,0.08,34.42844608,0.13310612978,-12.1781494715,45.58,1836.28419306,-5781.26224452
"90",89,0.004184817125,0.00405069684391225,75,16.3,-3276.8,-14,0.1,36.015740115,-1.8453874234675,-11.267627293,45.94,1836.28902804,-5781.26787828
"91",90,0.00331015671428571,0.00409733745699161,74,16.3,-3276.8,-12,0.1,35.377253545,-1.670023936095,-11.1220697245,46.01,1836.29389014,-5781.27355188
"92",91,0.00374889733333333,0.0041404562019584,74,16.5,-3276.8,-14,0.07,36.717615545,-2.2452323607,-11.697110271,46,1836.29880102,-5781.2792415
"93",92,NA,NA,74,16.5,-3276.8,-12,0.08,36.96139028,-0.478363958934,-10.9821352445,46.31,1836.30371394,-5781.28496844
"94",93,0.00392069225,0.00443719022641693,75,16.9,-3276.8,-12,0.1,35.162016445,-0.019022923709,-10.26404037,47.165,1836.30867258,-5781.29073474
"95",94,0.00370498533333333,0.0044055797302251,76,16.9,-3276.8,-14,0.15,33.507198845,-0.936249720175,-11.4447422415,47,1836.3136782,-5781.29650746
"96",95,0.004326450375,0.00444661399852608,76,17,-3276.8,16,0.15,33.267796145,-1.17140343412,-10.905415666,47,1836.31870398,-5781.30226458
"97",96,0.00484426819047619,0.00452539122515743,77,17,-3276.8,17,0.15,33.53095809,-0.3659698983881,-8.3311097225,46.19,1836.3237057,-5781.30801228
"98",97,0.004838997125,0.00459578273847874,77,17.4,-3276.8,18,0.07,33.324789365,-0.40684183585895,-9.396759179,47.925,1836.3286722,-5781.31375452
"99",98,0.0045323002,0.00465659023674826,76,17.4,-3276.8,-18,0.14,31.711610905,0.19724043912,-11.6051651105,47,1836.33362082,-5781.319488
"100",99,0.00429805452173913,0.00472120764142259,76,17.5,-3276.8,-17,0.18,32.431185585,-1.13913946925,-12.19358128,46.445,1836.33853686,-5781.32519034
"101",100,0.00525030272222222,0.0047893413127776,77,17.5,-3276.8,-18,0.09,31.99206153,-0.8230622203645,-10.54882131005,46,1836.34341564,-5781.33086592
"102",101,0.00507565366666667,0.00487627581805868,77,17.8,-3276.8,-18,0.06,33.692844675,0.540388837639,-11.2726550095,46,1836.34827132,-5781.33653736
"103",102,0.0048015810952381,0.00496046456967848,78,17.8,-3276.8,-16,0.09,36.103299895,-1.845371002715,-14.0532686585,46,1836.35315238,-5781.34220286
"104",103,0.00619964658333333,0.00502535172207341,78,18.1,-3276.8,-15,0.1,36.522862675,-1.217541748312,-10.60833239595,46,1836.35808504,-5781.34795464
"105",104,0.00589075566666667,0.00505194218429961,76,18.1,-3276.8,-14,0.13,33.552706335,0.35441788985,-11.310656352,47.9,1836.3630759,-5781.35381772
"106",105,0.00536301004545455,0.00500893463365493,75,18.4,-3276.8,-14,0.07,32.214589735,1.8399669048175,-9.989241461,48,1836.36809268,-5781.3597423
"107",106,0.00673509064285714,0.00487599446441012,74,18.4,-3276.8,-12,0.08,30.16577613,2.295940426085,-9.9655503569,48.31,1836.37315632,-5781.36566172
"108",107,0.00499852775,0.00482125333628531,74,18.4,-3276.8,-12,0.13,31.008764055,1.612967079233,-10.634979592,49.21,1836.37824258,-5781.37154736
"109",108,0.00491398985714286,0.00473420871152674,74,18.4,-3276.8,-10,0.13,30.363672765,0.875119305985,-11.263337707,48,1836.38329542,-5781.37744506
"110",109,0.0044464300625,0.00463763719412307,74,18.3,-3276.8,8,0.12,29.336804575,0.819984144535,-9.598480589,48,1836.38833818,-5781.3833253
"111",110,0.00390826092857143,0.00455005603562811,74,18.3,-3276.8,8,0.06,32.02170229,0.16211717938,-12.110830003,48,1836.39334566,-5781.38914428
"112",111,0.00431418586363636,0.0046802416052801,75,18.6,-3276.8,-8,0.06,27.267310615,1.69537726966,-10.123460325,48,1836.39834084,-5781.39496236
"113",112,0.00415037178947368,0.00463795835606696,76,18.6,-3276.8,-7,0.06,30.107946955,-1.281212036565,-7.74466103105,47.125,1836.4033182,-5781.40075596
"114",113,0.004249381125,0.00458987344618242,76,18.5,-3276.8,-6,0.06,32.53118166,-1.940535283985,-10.961452246,46.445,1836.40830156,-5781.40648134
"115",114,0.0042903795,0.00464677865440348,75,18.5,-3276.8,-6,0.04,29.345705095,-1.0512898578249,-12.548391181,47.11,1836.41327958,-5781.4122045
"116",115,0.00578441985714286,0.00466287480473843,74,18.5,-3276.8,-6,0.13,22.191667295,1.43175887385,-12.0216520585,47.445,1836.41822328,-5781.41791422
"117",116,0.00411450007142857,0.00461106804898951,73,18.5,-3276.8,-6,0.08,22.072838275,7.919742041544,-11.06812397485,46.01,1836.42308424,-5781.42350712
"118",117,0.00472569892857143,0.0046333856694152,73,18.2,-3276.8,-8,0.15,21.20941606,26.6898549,-13.81585645305,45,1836.42779382,-5781.4288899
"119",118,0.00409813966666667,0.0046363726700402,72,18.2,-3276.8,-11,0.12,21.346317965,32.398720295,-15.209722535,43.975,1836.43221624,-5781.433953
"120",119,0.004250517625,0.00461906248587702,72,17.8,-3276.8,-11,0.09,21.561756605,36.19933338,-12.01704444,40.63,1836.43626996,-5781.43858848
"121",120,0.00438206435714286,0.00466021053392279,73,17.8,-3276.8,-12,0.09,22.760786905,38.20380953,-10.3786841845,36.22,1836.43991628,-5781.4428249
"122",121,0.005220423,0.00471113359000374,75,17.9,-3276.8,-15,0.08,23.05137391,15.95482999215,-11.4298019,33.095,1836.44315796,-5781.4464954
"123",122,0.00477155042857143,0.00475429337927866,80,17.9,-3276.8,-15,0.1,22.80966534,28.027162953565,-14.4489319505,29.3,1836.44614386,-5781.44993814
"124",123,0.004938980375,0.00478509091284669,79,17.9,-3276.8,-15,0.07,22.76774906,35.23241163,1.840902179095,27.055,1836.44883552,-5781.45309216
"125",124,0.00463582407142857,0.00481064551913581,75,17.9,-3276.8,-15,0.04,22.47749957,24.59039021,65.9878374,24.17,1836.45118596,-5781.45571218
"126",125,0.00497468592857143,0.0048363975998942,71,17.6,-3276.8,-15,0.04,23.225042205,3.9568634345,194.91062465,21.495,1836.45365568,-5781.45776358
"127",126,0.0047529485,0.00486755039935425,69,17.6,-3276.8,-16,0.13,41.303254515,-4.12236345345,241.8046954,19.645,1836.45644016,-5781.4587156
"128",127,0.00538284578571429,0.00489510118122761,68,17.3,-3276.8,-18,0.13,43.14128826,-2.132196185665,190.80920335,19.71,1836.45938196,-5781.45809148
"129",128,0.004853047875,0.00491329673563464,69,17.3,-3276.8,-18,0.12,50.362346835,-0.7867956843255,44.65290069,22.75,1836.4622796,-5781.45595044
"130",129,0.00499588581818182,0.00497935990612343,72,16.8,-3276.8,-17,0.09,54.531374515,-0.345303068773,6.742387486845,24.77,1836.46527558,-5781.4528056
"131",130,0.0051009963125,0.00494250147672519,74,16.8,-3276.8,-16,0.1,54.61613069,0.361813612314,-14.5612094195,29.225,1836.4685763,-5781.44897352
"132",131,0.00496273263636364,0.00492240136826771,77,16.3,-3276.8,-14,0.09,52.03641843,0.405732444725,-14.581109982,33.815,1836.47233116,-5781.44460852
"133",132,0.0052443925,0.00484196360280759,78,16.3,-3276.8,-12,0.08,47.850347855,-1.0629021011775,-19.583002285,38.58,1836.47650476,-5781.439782
"134",133,0.00564857057142857,0.00488064573915918,77,15.9,-3276.8,-12,0.07,47.30828809,-0.786366782275,-17.58203541,41,1836.48103098,-5781.43460544
"135",134,0.005800411875,0.00489346614992992,76,15.9,-3276.8,-12,0.07,46.32003284,2.37749181982,-18.74846748,43.815,1836.48587568,-5781.42911388
"136",135,0.00452497142857143,0.00488643718232014,74,15.8,-3276.8,-11,0.13,42.878605745,1.165524231964,-16.206882819,46.87,1836.49096932,-5781.4233276
"137",136,0.0044144155,0.00488402686426967,74,15.8,-3276.8,-11,0.08,40.86054699,0.99233991159,-16.5205868545,49.475,1836.49625376,-5781.417282
"138",137,0.00458378846153846,0.00502524871468333,73,15.7,-3276.8,-11,0.07,38.950827575,1.275609397109,-18.56217596,50.425,1836.50166876,-5781.4110498
"139",138,0.0051877095,0.00510321294836842,74,15.7,-3276.8,-11,0.09,34.909322,3.01925488325,-14.98212671,51.525,1836.50718144,-5781.40471572
"140",139,0.00531077546153846,0.00515416208225012,75,15.7,-3276.8,-11,0.07,35.156880605,0.60086178225,-18.683562625,52.275,1836.51275424,-5781.39832272
"141",140,0.005385421,0.00520122637156253,76,15.7,-3276.8,-10,0.06,35.309071995,-1.27882338335,-13.812343432,53.11,1836.51837738,-5781.3919098
"142",141,0.00526661571428571,0.00525090511484563,77,15,-3276.8,-9,0.07,33.08316503,-0.3825355202,-14.080170282,53,1836.52404054,-5781.38542776
"143",142,0.0060882986,0.00527257225445362,80,15,-3276.8,-10,0.08,21.221033,5.5774276448,-15.58217069,53,1836.52972068,-5781.37889334
"144",143,0.00604684271428571,0.0051602511919938,81,14.1,-3276.8,-10,0.08,21.913786325,23.8540231745,-17.200528175,53,1836.53536338,-5781.37240002
"145",144,0.00535471225,0.00515256562047131,80,14.1,-3276.8,-10,0.13,21.36981789,25.489094685,-17.751451739,51.77,1836.54085824,-5781.36608202
"146",145,0.005073,0.00512846466598555,78,13.6,-3276.8,-11,0.06,20.89272852,22.64908657,-18.5040562,50.645,1836.54613734,-5781.36002076
"147",146,0.005547459875,0.00509713766620878,77,13.6,-3276.8,-10,0.08,20.72835708,23.355672515,-14.668794566,49.41,1836.55125894,-5781.35416842
"148",147,0.00496766171428571,0.00506146743488278,77,13.1,-3276.8,-9,0.07,20.71582664,26.576750565,-14.461598435,47.36,1836.55620702,-5781.34850496
"149",148,0.00557088225,0.00502374409365109,77,13.1,-3276.8,-8,0.07,20.920236455,33.76427938,-14.876721028,45.285,1836.56092398,-5781.34307838
"150",149,0.00548928914285714,0.00498099594788848,75,13,-3276.8,-8,0.06,21.334042625,31.275984925,-15.704050619,43.765,1836.56531796,-5781.33800634
"151",150,0.004972717,0.00506267714628969,74,13,-3276.8,-9,0.1,21.243357075,31.309818895,-12.5890961875,39.94,1836.56934726,-5781.33334554
"152",151,0.00577265092857143,0.00513135902713735,73,12.6,-3276.8,-11,0.09,21.219787135,28.37055882,-17.636281796,36.695,1836.5730498,-5781.32903034
"153",152,0.00557683766666667,0.00504078164884629,74,12.6,-3276.8,-12,0.1,21.19121116,32.891659825,-15.9664162085,34.13,1836.57646974,-5781.32504808
"154",153,0.00554298833333333,0.00500682041002465,73,12.3,-3276.8,-14,0.09,21.31655415,35.433625235,-17.873458912,30.655,1836.5795769,-5781.32144328
"155",154,0.0042978125625,0.00485782776626363,71,12.3,-3276.8,-15,0.08,21.39037911,36.963433015,-14.598771445,28.32,1836.58232946,-5781.3182661
"156",155,0.00455740671428571,0.00476156891792756,71,11.7,-3276.8,-14,0.07,21.83684909,41.446018165,-17.57748369,24.24,1836.58466784,-5781.31556526
"157",156,0.004067923375,0.00469940957880166,73,11.7,-3276.8,-12,0.08,22.527350365,45.539027485,-17.660685875,19.4,1836.58649238,-5781.31345134
"158",157,0.00478094778571429,0.00466508790392215,74,11.4,-3276.8,-11,0.09,23.662408465,45.404265625,-16.430790405,15.16,1836.58765656,-5781.31209606
"159",158,0.0051075869375,0.00463901193498206,74,11.4,-3276.8,-10,0.1,23.70658593,44.72496169,-17.148941105,8.555,1836.58813044,-5781.31154022
"160",159,0.00441969285714286,0.00460769902297729,74,11.2,-3276.8,-10,0.1,23.34679415,26.78386961635,-19.74725426,3.33,1836.5881869,-5781.31147638
"161",160,0.004642693625,0.00457101649357312,75,11.2,-3276.8,-10,0.08,27.68450707,-3.9751408485,-20.314773485,3,1836.58825752,-5781.31140444
"162",161,0.0046292765,0.00452979795903221,75,11,-3276.8,-10,0.12,38.01833674,-1.2146405500935,-18.871118255,3.04,1836.58857234,-5781.31105206
"163",162,0.0046052518125,0.00448416206745194,75,11,-3276.8,-10,0.12,44.63317795,-1.890297497388,-19.329755595,5.24,1836.58939662,-5781.3101097
"164",163,0.00447249685714286,0.00443313314419116,75,11.1,-3276.8,-10,0.07,46.856721195,-3.8068279805,-12.5553054255,11.48,1836.59095074,-5781.30832476
"165",164,0.004305985125,0.00437581817413392,75,11.1,-3276.8,-10,0.06,48.41589066,-3.452852272,-12.9474499365,17.92,1836.59315466,-5781.30578766
"166",165,0.00412310057142857,0.00431937255457641,75,11.1,-3276.8,-10,0.06,52.287431385,-0.271043308425,-11.772136013,24.23,1836.59588286,-5781.30264324
"167",166,0.003894158375,0.00427790644388685,75,11.1,-3276.8,-10,0.08,53.15655815,-0.926264362025,-12.179195844,28.98,1836.5991393,-5781.29888202
"168",167,0.00403120342857143,0.00426075989880986,77,11.2,-3276.8,-9,0.08,52.657427515,-1.0394304024455,-13.980160346,33.84,1836.60294648,-5781.29448696
"169",168,0.0041548153125,0.00426670052983947,77,11.2,-3276.8,-9,0.08,49.944491375,0.399113441205,-12.939965239,39.64,1836.60728412,-5781.28947186
"170",169,0.00429786178571429,0.00428520261616644,79,11,-3276.8,-9,0.08,47.82941615,2.7220004666005,-18.096416295,43.8,1836.61207062,-5781.28392588
"171",170,0.00394423725,0.00431116389192366,80,11,-3276.8,-9,0.08,44.188884195,6.6151632285,-16.3429515885,47.88,1836.61723326,-5781.27800274
"172",171,0.00442653421428571,0.00433771381153519,78,11.1,-3276.8,-9,0.08,38.42807661,4.053635183,-13.2768150035,50.92,1836.62266554,-5781.27182208
"173",172,0.0051943414375,0.00434628476754691,77,11.1,-3276.8,-9,0.13,33.329986805,2.223134930845,-13.80152685,52.11,1836.62823882,-5781.26548536
"174",173,0.00414792814285714,0.00432737422613572,76,11.5,-3276.8,-9,0.07,33.197362555,0.451283205519,-11.922632673,52.32,1836.6338574,-5781.25906416
"175",174,0.004077645625,0.00429705609017305,77,11.5,-3276.8,-9,0.09,33.06464875,-1.3678306864215,-14.0481812455,54,1836.63951378,-5781.25257456
"176",175,0.00389930585714286,0.00427951899508879,78,11.8,-3276.8,-9,0.06,32.972428685,-2.2867959498,-12.552037112,54,1836.64522236,-5781.24602388
"177",176,0.0041095526875,0.00428209164529561,79,11.8,-3276.8,-9,0.07,33.550926135,-3.4318892895,-12.280065185,54,1836.65096928,-5781.2394105
"178",177,0.00457205578571429,0.00429409322372079,79,12.2,-3276.8,-11,0.08,32.848800225,-1.4520485789845,-13.0498493195,54.68,1836.6567573,-5781.23272446
"179",178,0.0043083625,0.00430606559120831,78,12.2,-3276.8,-11,0.09,30.11702617,0.0163102460365,-11.901876405,55,1836.66259806,-5781.22599336
"180",179,0.00402987757142857,0.00431763413872865,77,12.7,-3276.8,-10,0.06,29.70645007,-1.458003300815,-12.134129925,55,1836.66846972,-5781.21924432
"181",180,0.00452241975,0.00432967677978945,76,12.7,-3276.8,-11,0.09,31.659658755,0.278732803741,-10.934128629,55,1836.67433286,-5781.21248346
"182",181,0.00449219721428571,0.00433712534708695,78,13.3,-3276.8,-11,0.07,30.73446021,-2.9754082655,-10.6773861965,55.48,1836.68021352,-5781.20571204
"183",182,0.0043136401875,0.00433633109226108,78,13.3,-3276.8,-11,0.08,30.004860475,-2.2132580695,-11.650030571,56.24,1836.68612664,-5781.1989111
"184",183,0.00448711092857143,0.00433051037820215,79,13.7,-3276.8,-10,0.06,29.1944553,0.524316169215,-12.140546995,55.72,1836.69206328,-5781.19208196
"185",184,0.004252727625,0.00432013461162179,78,13.7,-3276.8,-10,0.07,26.68248765,3.5556294522,-12.3787127325,55.88,1836.69799944,-5781.18522438
"186",185,0.00478552835714286,0.00430171683026256,80,13.8,-3276.8,-10,0.06,29.007148975,0.005734457655,-13.428589275,56.56,1836.70391952,-5781.17835624
"187",186,0.0041472963125,0.00427641823707261,78,13.8,-3276.8,-10,0.06,27.97148039,-1.852944826,-14.971217566,56,1836.70984506,-5781.17148954
"188",187,0.00403752678571429,0.00425649565754724,77,14.3,-3276.8,-9,0.06,27.02341926,-1.87552231865,-14.326564465,55.88,1836.71577846,-5781.16461378
"189",188,0.00394720742857143,0.0042521133565508,77,14.3,-3276.8,-9,0.06,26.864069245,-0.719543935951,-14.4044480195,55.33,1836.72170436,-5781.15772734
"190",189,0.00416580975,0.00426445422568968,76,14.9,-3276.8,-10,0.06,26.78077773,-1.08228325855,-17.69739811,57,1836.7276197,-5781.15084258
"191",190,0.00404813771428571,0.00429050544034871,75,14.9,-3276.8,-9,0.08,27.15820019,-0.66399067625,-13.193907729,56.32,1836.7335414,-5781.14398068
"192",191,0.004729752,0.00431983179192785,74,15.2,-3276.8,-10,0.07,22.28829619,3.4039134362185,-13.146575535,55.64,1836.73945962,-5781.13714374
"193",192,0.00440230207142857,0.0043370497397462,74,15.2,-3276.8,-9,0.07,21.180343305,-2.791614166685,-16.362141155,55.72,1836.7453359,-5781.13034148
"194",193,0.0048579400625,0.00433182171893542,74,15.2,-3276.8,-9,0.06,21.205882695,5.59766281705,-14.414726905,56.16,1836.75115656,-5781.12360024
"195",194,0.00388689121428571,0.00430852331890497,74,15.2,-3276.8,-8,0.04,21.34673976,19.130154735,-15.388862752,54.6,1836.75690096,-5781.11691516
"196",195,0.004821784875,0.00427681356077015,74,15.5,-3276.8,-9,0.08,21.36697522,24.786554805,-14.14862861,54,1836.7625562,-5781.11035728
"197",196,0.00400276657142857,0.00424429138513879,74,15.5,-3276.8,-10,0.06,21.833888795,22.293031265,-15.27454261,53.35,1836.76806654,-5781.10397244
"198",197,0.003926857,0.00422141944859506,74,15.7,-3276.8,-9,0.06,22.352562575,30.175757855,-16.543578405,51.035,1836.77335908,-5781.09783324
"199",198,0.00390823757142857,0.00421541678130748,74,15.7,-3276.8,-10,0.07,22.69482542,28.223999205,-15.719418937,48.76,1836.77836008,-5781.09207816
"200",199,0.0042623720625,0.00422365947466731,75,15.7,-3276.8,-11,0.07,22.786975795,28.71558443,-19.07033067,45.76,1836.7830282,-5781.0867621
"201",200,0.00433001914285714,0.00423759986357039,75,15.7,-3276.8,-11,0.06,22.85190681,33.580181455,-15.74777727,42.68,1836.787359,-5781.08188632
"202",201,0.0041489868125,0.00425279226894532,74,15.9,-3276.8,-11,0.08,23.508398725,36.008869635,-17.66515859,39.2,1836.79127796,-5781.0774894
"203",202,0.00440222464285714,0.00426639725631451,74,15.9,-3276.8,-12,0.13,23.75145949,32.563261165,-20.997767255,34.75,1836.79471518,-5781.07364442
"204",203,0.0043054265625,0.00427625140074322,74,16.1,-3276.8,-12,0.15,23.99630278,38.99866134,-15.256069904,29.85,1836.7976754,-5781.07036626
"205",204,0.00498116554545455,0.00433753281510013,74,16.1,-3276.8,-12,0.14,24.01545572,36.264155265,-16.054014005,24.735,1836.80014176,-5781.06766464
"206",205,0.00656778657142857,0.00450120735565298,74,16.6,-3276.8,-12,0.14,23.58612029,29.48482201,-17.91361849,20.55,1836.80219886,-5781.06540906
"207",206,NA,NA,74,16.6,-3276.8,-12,0.09,23.5139718,31.00041071,-9.3402581455,18.2,1836.80403006,-5781.0634308
"208",207,0.00391541866666667,0.00448840330517082,75,16.7,-3276.8,-12,0.14,23.3886092,27.516954235,-15.1873437255,15.68,1836.80555298,-5781.06176148
"209",208,0.00339629557142857,0.00425948994182802,75,16.7,-3276.8,-12,0.06,23.2944651,27.907827975,-24.218418325,12.8,1836.80685258,-5781.06032952
"210",209,0.00505492071428571,0.00425147593868806,76,16.9,-3276.8,-12,0.06,23.179105575,28.61124121,-27.640871755,11.64,1836.80791038,-5781.05917998
"211",210,0.00449355942857143,0.00436595312092791,76,16.9,-3276.8,-12,0.06,23.355109545,36.131732235,-30.2939997,8.615,1836.80867868,-5781.05835438
"212",211,0.004034283875,0.00431854928376574,76,17.3,-3276.8,-12,0.06,23.59038598,33.85858923,-30.61108761,5.345,1836.80909592,-5781.05790624
"213",212,0.00357039271428571,0.00428557995762729,77,17.3,-3276.8,-12,0.13,23.485448745,31.237491445,-29.24092035,3,1836.8092068,-5781.0577914
"214",213,0.004904155875,0.00426495162643745,77,17.9,-3276.8,-12,0.18,23.387987615,27.44741807,-25.749370745,3,1836.809208,-5781.05779482
"215",214,0.00420041585714286,0.00424032863439856,76,17.9,-3276.8,-11,0.1,23.351417255,33.18109857,-26.729488155,2.265,1836.80920818,-5781.057798
"216",215,0.004645478,0.00420560386190324,77,18.5,-3276.8,-9,0.1,23.307963465,33.91812369,-23.0725439,0,1836.809214,-5781.057798
"217",216,0.00382481944444444,0.00413384840045812,77,18.5,-3276.8,-9,0.09,23.300757465,38.10233499,-20.28778522,0,1836.809214,-5781.057798
"218",217,0.0039698245,0.00406825835441075,78,18.8,-3276.8,-10,0.12,23.256183145,38.862570075,-20.203417075,0,1836.80921988,-5781.057798
"219",218,0.00414691221428571,0.00403941894945031,79,18.8,-3276.8,-11,0.09,23.233648315,36.883989825,-20.64323296,0,1836.80922,-5781.057798
"220",219,0.00412919,0.00400830425078128,79,19,-3276.8,-11,0.12,23.214747755,39.484320945,-20.013200205,0,1836.80922462,-5781.05780286
"221",220,0.00353229428571429,0.00397985187229496,78,19,-3276.8,-11,0.1,23.19442868,33.46086414,-20.225953955,0,1836.809226,-5781.057804
"222",221,0.0035251968125,0.00396804270753377,77,18.9,-3276.8,-12,0.12,23.183158785,32.81260304,-20.410212495,0,1836.809226,-5781.057804
"223",222,0.00379677707142857,0.00397987873540936,78,18.9,-3276.8,-12,0.1,23.13923103,32.15591783,-20.387779655,0,1836.80923098,-5781.057804
"224",223,0.003634251125,0.00401342963336011,78,18.5,-3276.8,-11,0.2,23.123661735,32.83763357,-20.53724921,0,1836.809232,-5781.057804
"225",224,0.00443393214285714,0.00405529347322378,79,18.5,-3276.8,-11,0.08,23.096662635,31.049648135,-20.711889805,0,1836.809232,-5781.057804
"226",225,0.0043968455625,0.00408817767494927,79,17.9,-3276.8,-11,0.07,23.05959726,30.502399235,-20.684886045,0,1836.80923374,-5781.057804
"227",226,0.00399523492857143,0.00410889205135454,79,17.9,-3276.8,-10,0.07,23.06886275,30.389803555,-20.72390298,0,1836.809238,-5781.057804
"228",227,0.0039732248125,0.00412542817965108,77,17.6,-3276.8,-9,0.07,23.064653185,30.30683292,-20.707939305,0,1836.809238,-5781.057804
"229",228,0.00445782257142857,0.00413915841828885,76,17.6,-3276.8,-9,0.09,23.05808355,30.702006085,-20.793369215,0,1836.80924112,-5781.057804
"230",229,0.0043678278125,0.00414537594448135,74,17.3,-3276.8,-9,0.08,23.03089073,31.9425329,-20.771865245,0,1836.809244,-5781.057804
"231",230,0.00396717271428571,0.00414787102183005,72,17.3,-3276.8,-9,0.09,23.01864963,32.24086322,-20.815464725,0,1836.80924808,-5781.057804
"232",231,0.0041092454375,0.00415459346392327,69,17.1,-3276.8,-9,0.09,23.01659863,31.178887945,-20.84915143,0,1836.80925,-5781.057804
"233",232,0.004082398,0.00416575722771695,68,17.1,-3276.8,-10,0.06,23.017032205,30.98012804,-20.784271555,0,1836.80925,-5781.057804
"234",233,0.004607138625,0.00417366086737217,69,16.9,-3276.8,-10,0.04,23.021191775,31.188976785,-20.88467073,0,1836.80925,-5781.057804
"235",234,0.0049512255,0.00416789079159179,69,16.9,-3276.8,-11,0.13,23.00481153,31.346322865,-20.877904895,0,1836.80925519,-5781.057804
"236",235,0.00425056345454545,0.00414830144446944,69,16.4,-3276.8,-11,0.13,22.99878665,31.11556075,-20.901865865,0,1836.80925615,-5781.057804
"237",236,0.004157904,0.00411395878985042,70,16.4,-3276.8,-11,0.06,22.9900976,31.058781155,-20.98321611,0,1836.809262,-5781.057804
"238",237,0.00387422246666667,0.00409368941106238,70,16.3,-3276.8,-11,0.06,22.968231895,30.92334318,-20.997593825,0,1836.809262,-5781.057804
"239",238,0.00402169871428571,0.00406233295958062,70,16.3,-3276.8,-11,0.04,22.95305634,30.82053,-21.02233509,0,1836.80926761,-5781.057804
"240",239,0.003828124125,0.00403798419570173,70,16.2,-3276.8,-11,0.14,22.948634215,31.297426785,-21.106579965,0,1836.809268,-5781.057804
"241",240,0.00382543314285714,0.00402425307964151,70,16.2,-3276.8,-10,0.06,22.94792964,32.25752652,-21.194272145,0,1836.809268,-5781.057804
"242",241,0.0040405700625,0.00401907203512285,70,16.3,-3276.8,-10,0.12,22.94623775,38.30102341,-21.1461209,0,1836.80927061,-5781.057804
"243",242,0.00377143364285714,0.00402035952090266,69,16.3,-3276.8,-10,0.08,22.938611425,35.08155112,-21.241003045,0,1836.809274,-5781.057804
"244",243,0.0039466364375,0.00402413363473637,70,16.8,-3276.8,-10,0.07,22.950593685,33.43593694,-21.387250465,0,1836.80927595,-5781.05780757
"245",244,0.00469499242857143,0.00401886097146911,70,16.8,-3276.8,-9,0.07,22.95039387,32.63633478,-21.44095346,0,1836.80928,-5781.05781
"246",245,0.0040577670625,0.00399545796006859,70,17.2,-3276.8,-9,0.07,22.924175075,32.41170745,-21.475027485,0,1836.80928,-5781.05781
"247",246,0.00359706392857143,0.00396191389353958,71,17.2,-3276.8,-9,0.09,22.919799615,32.24111658,-21.5314437,0,1836.80928,-5781.05781
"248",247,0.00394893157142857,0.0039314731071867,72,17.6,-3276.8,-10,0.14,22.931748605,32.308198045,-21.56429215,0,1836.80928,-5781.05781
"249",248,0.0040423366875,0.00390119378810755,72,17.6,-3276.8,-10,0.07,22.947304325,32.275293535,-21.62038273,0,1836.80928519,-5781.05781453
"250",249,0.00363790928571429,0.00387079877840445,73,17.6,-3276.8,-10,0.07,22.93545322,32.330038175,-21.663758575,0,1836.809286,-5781.057816
"251",250,0.0035967749375,0.00384459660666677,73,17.6,-3276.8,-11,0.09,22.9474734,32.360264505,-21.643561355,0,1836.809286,-5781.05781387
"252",251,0.00338622514285714,0.00382913949267439,73,17.7,-3276.8,-11,0.08,22.935622805,32.34283423,-21.70753151,0,1836.80928771,-5781.05781
"253",252,0.0039639358125,0.00382479266905639,74,17.7,-3276.8,-11,0.08,22.918197815,32.3502157,-21.723273585,0,1836.809292,-5781.05781
"254",253,0.00376395721428571,0.00382479425342839,74,18,-3276.8,-11,0.19,22.909385155,32.325181815,-21.72970025,0,1836.809292,-5781.05781519
"255",254,0.0037108646875,0.00382825744058738,73,18,-3276.8,-10,0.14,22.917711775,32.292608565,-21.81516486,0,1836.809292,-5781.057816
"256",255,0.00336738542857143,0.00384168819067571,74,18.3,-3276.8,-10,0.1,22.898229195,19.061335598245,-21.935370195,0,1836.80929566,-5781.05781156
"257",256,0.003660668875,0.00387194949110309,75,18.3,-3276.8,-9,0.12,32.53102791,-3.26882221355,-12.28051426185,0,1836.80939112,-5781.05770992
"258",257,0.00368508714285714,0.00391576726866289,74,18.6,-3276.8,-8,0.09,45.535863395,-2.38383000045,-4.658936018695,1.11,1836.80984508,-5781.05722893
"259",258,0.00463695175,0.00395948630941369,74,18.6,-3276.8,-8,0.09,47.326308285,-3.8136835295,-15.538835274,7.015,1836.8110767,-5781.05590881
"260",259,0.00404596257142857,0.00398990263983167,74,19.1,-3276.8,-8,0.07,47.591027995,-3.72511175445,-22.546855035,14.8,1836.81310386,-5781.05374656
"261",260,0.00361433025,0.00401184059183226,74,19.1,-3276.8,-8,0.09,51.55014068,0.06941050303,-22.005717045,21.74,1836.8157741,-5781.05096355
"262",261,0.00422427178571429,0.00403583176615457,76,19.6,-3276.8,-9,0.09,52.008356955,-2.4212621535,-22.0017280695,27.29,1836.81904896,-5781.04764825
"263",262,0.0041827803125,0.00405533123007401,76,19.6,-3276.8,-8,0.06,51.60870692,-2.904825718,-15.6422714585,32.3,1836.82293927,-5781.04381089
"264",263,0.0043934195,0.00405929418097952,76,19.7,-3276.8,-9,0.08,51.505425685,0.376073366015,-13.1134649815,37.68,1836.8274234,-5781.0394689
"265",264,0.0040873363125,0.00404569074697724,76,19.7,-3276.8,-9,0.1,48.198497235,2.820123826,-9.5637571218,42.03,1836.83246052,-5781.03465849
"266",265,0.00450974757142857,0.00402166843018497,76,20.1,-3276.8,-8,0.14,45.11357771,3.24094658019,-11.13914143135,46.04,1836.837936,-5781.02947683
"267",266,0.004062898,0.00399437132338642,76,20.1,-3276.8,-8,0.1,44.008332165,0.2794517967,-12.0184588855,49.86,1836.84371955,-5781.02400099
"268",267,0.00338044842857143,0.00397237511536531,75,20.5,-3276.8,-8,0.07,43.658661385,-0.82748563918,-10.14781236075,50.9,1836.84977109,-5781.01825935
"269",268,0.004097827,0.00396208386949485,75,20.5,-3276.8,-8,0.06,43.238548165,-0.348526184475,-12.151560084,54.84,1836.85606356,-5781.01229925
"270",269,0.0042535105,0.00395697811688831,76,20.9,-3276.8,-9,0.1,35.84355382,0.78851549237,-12.5360754385,55.29,1836.86249421,-5781.00606732
"271",270,0.0038946663125,0.00395036867231094,76,20.9,-3276.8,-9,0.08,33.970783595,-1.72098244291,-10.7610316215,57,1836.86896473,-5780.99965935
"272",271,0.00386056471428571,0.00394484703507354,76,21.2,-3276.8,-10,0.1,37.97530016,-0.172901242378,-12.90758509,58.125,1836.87539493,-5780.99311812
"273",272,0.0038518365625,0.00394584536534401,78,21.2,-3276.8,-11,0.09,37.473645055,-0.598608843981,-11.877967542,58.01,1836.88179105,-5780.98636563
"274",273,0.00360506271428571,0.00395687048942883,78,21.2,-3276.8,-11,0.09,37.40990476,-1.56335263933,-13.0111388275,58.15,1836.88818225,-5780.97939501
"275",274,0.004312699625,0.00397271515023196,78,21.2,-3276.8,-11,0.07,36.994543535,-2.5952069455,-9.833476299,59.7,1836.89459472,-5780.97225153
"276",275,0.0040276305,0.00397885131846806,79,21.4,-3276.8,-9,0.1,34.797095955,-1.450628160575,-9.928710935,60.74,1836.90100071,-5780.96490768
"277",276,0.0041921439375,0.00396868763680358,78,21.4,-3276.8,-8,0.1,28.955114095,2.5855516237,-10.5589942255,61.11,1836.90734082,-5780.95735128
"278",277,0.00369715057142857,0.00394924965433086,79,21.4,-3276.8,-6,0.1,30.39683808,0.61249058989,-8.617380297,60.53,1836.91357818,-5780.94967548
"279",278,0.0035586196875,0.00393189317890212,79,21.4,-3276.8,-5,0.14,28.894396565,0.8936231013625,-12.230811835,61.38,1836.9196617,-5780.94187653
"280",279,0.00397069807142857,0.00392418265348993,79,21.4,-3276.8,-4,0.06,28.344596385,-1.562257286445,-12.738662085,61.21,1836.92561289,-5780.93397303
"281",280,0.0039309395,0.00392594557235694,78,21.4,-3276.8,3,0.08,32.044102325,1.49498443231045,-11.4814968425,60.265,1836.93141573,-5780.9259789
"282",281,0.00351644664285714,0.00393614330513175,77,21.3,-3276.8,4,0.06,35.84609942,4.0813285925,-12.390592955,61.29,1836.93711564,-5780.91788706
"283",282,0.00398949375,0.00395757434426116,76,21.3,-3276.8,3,0.09,37.828355675,1.167319279595,-11.5457079615,60.81,1836.94274571,-5780.9096829
"284",283,0.00381938557142857,0.00398754792122734,75,21.3,-3276.8,3,0.06,37.142598335,-0.85965948123,-11.8478285185,60.62,1836.94832862,-5780.90141487
"285",284,0.004275050125,0.00402024806866907,74,21.3,-3276.8,4,0.06,37.523943325,-0.589169137805,-10.555332846,61.48,1836.95386392,-5780.89321932
"286",285,0.00412582828571429,0.00405103513155992,73,21.3,-3276.8,4,0.04,33.852782935,1.441447668335,-14.873971177,59.9,1836.95930475,-5780.88507429
"287",286,0.0041647731875,0.00407822939636657,73,21.3,-3276.8,4,0.06,30.70758743,3.6215399396,-17.694692505,59,1836.96472224,-5780.8771011
"288",287,0.00407299092857143,0.00410035652011207,74,21.3,-3276.8,-5,0.04,32.890806795,3.8647683482,-17.814523985,58.18,1836.97017339,-5780.86936701
"289",288,0.0047965145,0.00411113803340665,74,21.3,-3276.8,-5,0.06,35.030619325,5.1172949066,-14.244456873,57,1836.97565265,-5780.8618245
"290",289,0.003827635,0.00410660802949041,75,21.2,-3276.8,-6,0.08,34.19874574,5.961146948765,-18.225212395,57,1836.98117391,-5780.85430353
"291",290,0.004589261125,0.00408747248217298,75,21.2,-3276.8,-6,0.04,35.870159955,1.305974792845,-20.3215374,57,1836.9867402,-5780.84692359
"292",291,0.00427834035714286,0.00405537499633521,74,21.2,-3276.8,5,0.03,36.21634882,0.79859745579675,-19.71344218,57,1836.99244197,-5780.83966098
"293",292,0.003986146625,0.00401444897258839,73,21.2,-3276.8,5,0.13,30.692916855,5.0264444609,-19.351556215,57,1836.99826284,-5780.8324902
"294",293,0.00367528266666667,0.0039696808281164,73,21.2,-3276.8,5,0.03,32.206170575,3.1004080525665,-19.166101015,57,1837.00415856,-5780.82543567
"295",294,0.0039939453125,0.00394472408456619,72,21.2,-3276.8,5,0.13,31.65750597,-1.102320642305,-17.68204723,57,1837.01013525,-5780.8185042
"296",295,0.00415161966666667,0.00391079879349735,72,20.9,-3276.8,-5,0.03,30.94231355,-0.435608710915,-17.520699365,57,1837.01618523,-5780.81169777
"297",296,0.00341990707142857,0.00389566381377616,70,20.9,-3276.8,-6,0.04,30.30250781,1.072587334675,-12.137340417,56.265,1837.02228018,-5780.80501734
"298",297,0.00380168442857143,0.00389710828446071,69,20.9,-3276.8,-6,0.06,22.653113545,5.1242044222,-12.001911414,56,1837.02837882,-5780.7984222
"299",298,0.00378006857142857,0.00390041701028446,69,20.9,-3276.8,-6,0.06,33.39382559,5.3726764695,-15.4635358565,55.23,1837.03443255,-5780.79192237
"300",299,0.00413947264285714,0.003914621025254,70,20.9,-3276.8,5,0.07,32.966196175,0.870482537923,-10.5323797215,54.55,1837.04043765,-5780.7854679
"301",300,0.0040780685,0.00391584693510853,70,20.9,-3276.8,5,0.12,36.76811858,2.889503202515,-15.227952485,55.405,1837.04644524,-5780.77903578
"302",301,0.00387510091666667,0.00390309903728803,71,20.6,-3276.8,5,0.03,35.967345575,0.735775021325,-16.22380996,54.925,1837.05246747,-5780.77257495
"303",302,0.0042062919375,0.00387660570073536,72,20.6,-3276.8,-6,0.08,28.84025652,3.335746050875,-17.494381695,55.025,1837.05851259,-5780.76606615
"304",303,0.00373198107142857,0.00383708806065716,72,20.6,-3276.8,-7,0.1,32.021960365,6.147517403,-14.50036872,55,1837.06454862,-5780.75954148
"305",304,0.0037123636875,0.00379300844129176,73,20.6,-3276.8,-8,0.08,30.681445945,0.689540394519,-14.6787015225,55,1837.0705383,-5780.75304681
"306",305,0.00356185021428571,0.00375433970617186,74,20.7,-3276.8,-8,0.07,25.60201252,3.452805395,-9.4753846765,55.01,1837.07650098,-5780.74656774
"307",306,0.0033734803125,0.00372897551680364,75,20.7,-3276.8,-9,0.04,20.409903105,2.10441731215,-8.706955251,54.815,1837.08239646,-5780.74012461
"308",307,0.00363527435714286,0.0037166774511265,76,20.7,-3276.8,-9,0.04,27.44246507,5.63123221335,-8.7753230345,54,1837.08818118,-5780.73374829
"309",308,0.00366053271428571,0.00371204287165872,74,20.7,-3276.8,-9,0.03,28.70585517,5.892533055,-14.35405761,53.095,1837.09386972,-5780.7274242
"310",309,0.003348253375,0.00371195727484504,71,20.7,-3276.8,-9,0.06,25.9290975,3.86782548705,-14.76710286,52.11,1837.09951893,-5780.72111253
"311",310,0.00404438692857143,0.00371811170699368,71,20.7,-3276.8,-9,0.04,22.216954075,24.6733136313,-13.479089511,53.38,1837.10511252,-5780.71484817
"312",311,0.0037408980625,0.00372520910785074,71,20.8,-3276.8,-9,0.04,24.51308937,39.899858445,-12.8074114185,51.38,1837.11044583,-5780.70885942
"313",312,0.00395560385714286,0.00372496685276335,70,20.8,-3276.8,-9,0.04,24.63876661,39.368135485,-16.9627999305,47.54,1837.11521028,-5780.70347256
"314",313,0.003338277,0.00372024333438528,71,20.5,-3276.8,-9,0.04,24.21738754,40.813202645,-12.7403019455,41.3,1837.11927819,-5780.69887509
"315",314,0.00319018221428571,0.00372477813999865,72,20.5,-3276.8,-9,0.04,23.35229891,40.2921673,-19.689622015,35.91,1837.12265412,-5780.69507106
"316",315,0.0038689745,0.00374437868256689,73,20.5,-3276.8,-9,0.04,23.06836718,40.776868205,-9.59873881,28.83,1837.1253912,-5780.69200524
"317",316,0.00377433864285714,0.0037707501594713,74,20.5,-3276.8,-10,0.09,23.23254225,40.549269935,-8.90020535,22.83,1837.12754295,-5780.68959171
"318",317,0.00367996525,0.00379916246605161,74,20.6,-3276.8,-11,0.07,22.9873225,35.449686855,-13.3316761195,17.685,1837.12910007,-5780.68782774
"319",318,0.00366346985714286,0.00383222771470358,75,20.6,-3276.8,-12,0.06,22.833675475,29.37312488,-15.8209222175,12.88,1837.13018877,-5780.68659897
"320",319,0.0037075801875,0.00387201219146641,76,20.6,-3276.8,-12,0.06,22.728254295,32.739004695,-10.3988334721075,9.22,1837.13097624,-5780.68572246
"321",320,0.00397866421428571,0.00391395858538853,76,20.6,-3276.8,-11,0.07,22.635245375,31.2598964,-13.94033791,6.995,1837.1314929,-5780.68515111
"322",321,0.0041274748125,0.00395000564299631,74,20.6,-3276.8,-11,0.06,22.617236495,29.305140775,-13.520463204,3.85,1837.13177271,-5780.68484028
"323",322,0.00388894692857143,0.00397578945396221,72,20.6,-3276.8,-9,0.09,22.60473129,28.11984642,-12.674333345,3,1837.1318721,-5780.68472955
"324",323,0.0040505555625,0.00399100035754386,70,20.7,-3276.8,-8,0.07,22.58139103,38.545462745,-13.89066825,3,1837.131876,-5780.68472985
"325",324,0.00412360135714286,0.00399503803557882,70,20.7,-3276.8,-11,0.1,22.587132975,43.95641489,-10.085229639,0.435,1837.131876,-5780.68473
"326",325,0.004258349875,0.00398541535249257,70,20.7,-3276.8,-12,0.13,22.59379819,37.62378344,-11.14756073,0,1837.131876,-5780.68473
"327",326,0.00369218957142857,0.00396911655063762,71,20.7,-3276.8,-14,0.09,22.573510215,37.323789835,-12.056252175,0,1837.13187975,-5780.68473153
"328",327,0.0035400860625,0.00396294218207189,71,20.4,-3276.8,-15,0.09,22.57951286,36.17321293,-12.47591873,0,1837.131882,-5780.684736
"329",328,0.0035438715,0.00397739838081747,74,20.4,-3276.8,-17,0.06,22.572383635,35.146744045,-12.584382625,0,1837.13188503,-5780.684736
"330",329,0.0040549660625,0.00401023602571409,75,20.5,-3276.8,-17,0.12,22.55815658,34.88058076,-10.34628474905,0,1837.131888,-5780.684736
"331",330,0.00405654178571429,0.00404887143728805,76,20.5,-3276.8,-18,0.06,22.546707905,34.885652135,-11.697965895,0,1837.13189097,-5780.684736
"332",331,0.0041219566875,0.00408195643327307,76,20.5,-3276.8,-18,0.12,22.53868643,34.359679375,-13.04575057,0,1837.131894,-5780.68473255
"333",332,0.00438629621428571,0.00410686591582164,75,20.5,-3276.8,-18,0.03,22.521880095,34.625002695,-13.955916175,0,1837.131894,-5780.68473
"334",333,0.0039245135,0.00412684002279994,76,20.9,-3276.8,-18,0.12,22.505025995,34.280947635,-10.7880237215,0,1837.131894,-5780.68473
"335",334,0.00425562307142857,0.0041453475992428,74,20.9,-3276.8,-17,0.14,22.497237485,34.95963172,-11.92218749,0,1837.13189949,-5780.68473
"336",335,0.004050405625,0.00416284872246915,73,20.9,-3276.8,-14,0.09,22.49988159,34.99265039,-13.546871445,0,1837.1319,-5780.68473
"337",336,0.00401994242857143,0.00418108383249598,74,20.9,-3276.8,-11,0.09,22.49229607,35.14820848,-14.543557775,0,1837.1319,-5780.68473
"338",337,0.003874184625,0.00420656669633115,75,20.9,-3276.8,-11,0.12,22.481628635,35.126771725,-15.11584063,0,1837.1319,-5780.68473483
"339",338,0.00395289,0.00424733695576988,77,20.9,-3276.8,-11,0.09,22.477710835,35.06342462,-15.140932735,0,1837.1319,-5780.684736
"340",339,0.0037211256875,0.0043131551964241,78,20.9,-3276.8,-11,0.07,22.46629926,34.537967055,-15.15106516,0,1837.1319,-5780.684736
"341",340,0.0041322535,0.00440634347409041,78,20.9,-3276.8,-12,0.06,22.47069482,35.34036455,-15.22800254,0,1837.13190357,-5780.684736
"342",341,0.00508870746666667,0.00450810004033993,80,20.9,-3276.8,-14,0.09,22.466706085,35.52225251,-15.768514275,0,1837.131906,-5780.68473387
"343",342,0.00500606833333333,0.00454315771901984,82,20.9,-3276.8,-14,0.08,22.462904815,35.47494453,-15.8385566,0,1837.131906,-5780.68473
"344",343,NA,NA,82,20.9,-3276.8,-14,0.06,22.45196355,35.38272298,-16.053308625,0,1837.131906,-5780.68473
"345",344,NA,NA,78,20.9,-3276.8,-12,0.09,22.436182985,38.571300335,-16.039198855,0,1837.13190843,-5780.68473
"346",345,0.0047680885,0.00465162968459637,74,20.6,-3276.8,-14,0.09,22.549982735,13.11398751225,-9.881401953265,0,1837.1319264,-5780.68471377
"347",346,0.00456810471428571,0.00471519720824071,73,20.6,-3276.8,-14,0.09,31.884980505,-3.8226761967015,-24.392881555,0,1837.13207574,-5780.68454226
"348",347,0.004803200875,0.00481542355149951,72,20.7,-3276.8,-14,0.09,43.51490397,0.255105318918,-31.002089405,1.66,1837.13258097,-5780.68397109
"349",348,0.00486653045454545,0.00479872123266344,72,20.7,-3276.8,-14,0.08,43.25684767,0.62291434750105,-17.1280595695,9.105,1837.13382024,-5780.68259103
"350",349,0.00546765875,0.00483779545641902,75,20.7,-3276.8,-14,0.06,41.07646233,-0.2423081140925,-7.93307426276,15.2,1837.13577729,-5780.68043997
"351",350,0.00432726157142857,0.00493413201194447,75,20.7,-3276.8,-14,0.07,45.81673248,-1.7999774533,-9.1111900425,20.34,1837.13823033,-5780.67773997
"352",351,0.00489549633333333,0.00503553837606285,76,20.4,-3276.8,-14,0.07,44.09049759,-0.7063233586,-4.972636190695,25.915,1837.14112854,-5780.67451215
"353",352,0.005706113,0.00517231136254856,77,20.4,-3276.8,-12,0.09,37.22074434,4.5780571624,-11.0818927383,28.965,1837.14438984,-5780.6707962
"354",353,0.0059993768125,0.00529678480052388,77,20.2,-3276.8,-12,0.13,30.906062645,4.46535801785,-10.5252862785,31.66,1837.1478882,-5780.66676441
"355",354,0.00599271207142857,0.00539742441018967,77,20.2,-3276.8,-12,0.16,21.666227505,8.37738432736,-12.2373348885,34,1837.15150029,-5780.66255196
"356",355,0.00584640423076923,0.00542642628494902,77,20.3,-3276.8,-12,0.2,21.948245875,26.582624513,-10.351551363,34,1837.15509138,-5780.65832541
"357",356,0.00560341,0.00536623223374717,76,20.3,-3276.8,-12,0.12,24.339546045,30.9675233,-11.76993146485,33.24,1837.15845756,-5780.65429242
"358",357,0.005355220375,0.00541240902996169,76,20.3,-3276.8,-12,0.07,24.052383975,23.570185435,-11.600532479,30.7,1837.16148147,-5780.65064343
"359",358,0.0057982118,0.00544716999104999,75,20.3,-3276.8,-11,0.08,23.92612563,22.87522019,-8.13298998385,28.405,1837.16428521,-5780.64727059
"360",359,0.00593360958333333,0.00555743738164766,74,20.4,-3276.8,-11,0.19,23.744791325,22.85853271,-10.165874614,26.46,1837.16690529,-5780.64410646
"361",360,0.00555730071428571,0.00558578788096828,75,20.4,-3276.8,-10,0.12,23.784812925,30.00050924,-10.8037754682,24.995,1837.16937597,-5780.64109878
"362",361,0.00530911042857143,0.00561778860249725,75,20.8,-3276.8,-9,0.08,23.879102975,25.979012445,-13.2665997485,22.74,1837.17161829,-5780.63835162
"363",362,0.00575810471428571,0.00570064690427906,75,20.8,-3276.8,-10,0.08,23.58880708,19.706097069,-17.76255542,20.53,1837.17369426,-5780.63581785
"364",363,0.00675402775,0.00580110802607582,76,21.1,-3276.8,-10,0.09,30.81705803,-4.0188044115,-18.531907805,19.74,1837.17573597,-5780.63335314
"365",364,0.00588279709090909,0.00586759314197018,76,21.1,-3276.8,-10,0.06,44.00803017,-1.7794046471,-14.135807959,19.92,1837.17790347,-5780.63077056
"366",365,0.00722390585714286,0.00591826765318307,75,21.4,-3276.8,-10,0.1,45.99015863,0.734809690324,-10.132559852,23.8,1837.18046145,-5780.62776168
"367",366,0.007050664375,0.00594903948464184,75,21.4,-3276.8,-9,0.07,45.511154285,0.93282034634,-15.045268344,27.8,1837.18351593,-5780.62418754
"368",367,0.006712692125,0.0059228212454111,75,21.3,-3276.8,-9,0.06,41.26293477,-2.30841789295,-9.36927370445,31.28,1837.18705113,-5780.62009542
"369",368,0.006448441,0.00586172194548209,74,21.3,-3276.8,-10,0.08,38.820483545,1.06624433883,-12.024625462,35.27,1837.19095194,-5780.61559284
"370",369,0.005395372,0.00579338052850725,75,21,-3276.8,-10,0.08,39.83637887,0.073593624255,-12.60570155,38.68,1837.19512518,-5780.61077169
"371",370,0.00584935528571429,0.00574051269447127,76,21,-3276.8,-9,0.1,42.14624236,0.423513635405,-11.258558655,41,1837.1995671,-5780.60567076
"372",371,0.00607838775,0.00568223806982198,79,21,-3276.8,-8,0.1,39.713429635,3.93406841266,-10.5959068237,43.4,1837.2042957,-5780.60025591
"373",372,0.00575125613333333,0.00568014312258967,81,21,-3276.8,-9,0.07,37.82420352,3.9252919754,-12.0693079465,46.72,1837.20925617,-5780.59455702
"374",373,0.00721668235714286,0.00565805496406703,83,20.7,-3276.8,-9,0.1,28.372787795,5.7850379495,-12.423306528,47.04,1837.21440309,-5780.58864405
"375",374,0.0052165518125,0.0056002518447753,82,20.7,-3276.8,-8,0.13,30.07111447,3.1804375116084,-11.834375822,49,1837.21965228,-5780.58263832
"376",375,0.00584039785714286,0.00552828617189033,81,20.4,-3276.8,-8,0.13,28.10311612,2.5491133214975,-15.681012848,49,1837.22496126,-5780.57657433
"377",376,0.005980397375,0.00545017905381511,81,20.4,-3276.8,-8,0.12,29.973984345,2.516172689015,-15.1368396785,50.16,1837.23033735,-5780.57041758
"378",377,0.00508416807142857,0.00536138832775297,80,19.9,-3276.8,-8,0.1,29.668027945,5.8488805677,-11.621672130225,51.52,1837.23579558,-5780.56418664
"379",378,0.00543082185714286,0.00525077619637653,80,19.9,-3276.8,-8,0.08,37.689783965,0.844084730855,-13.34367778555,52.26,1837.24133724,-5780.5578774
"380",379,0.00521149821428571,0.00518387173751101,80,19.4,-3276.8,-8,0.14,39.3923223,0.447117509365,-11.368072731,52,1837.24699968,-5780.55139263
"381",380,0.0052842100625,0.00509358812934432,80,19.4,-3276.8,-8,0.08,33.28921798,2.61695305254,-13.2906955635,54.34,1837.25283102,-5780.54468664
"382",381,0.00460216464285714,0.00501672607614726,80,18.7,-3276.8,-8,0.07,29.72950661,3.8108558169,-13.383611985,55.92,1837.25878383,-5780.53782405
"383",382,0.00443437825,0.00496798905703547,79,18.7,-3276.8,-9,0.1,30.80794355,2.62086593501,-12.101426041,57,1837.26480846,-5780.5308768
"384",383,0.00458393328571429,0.00495471894680407,78,18.3,-3276.8,-8,0.07,31.489064165,3.25416657684,-12.5506593115,57.29,1837.27088901,-5780.5238898
"385",384,0.0048260840625,0.00497491422411147,76,18.3,-3276.8,-8,0.07,35.2026832,3.67840997265,-12.75270832435,58.2,1837.27700961,-5780.51687115
"386",385,0.00501618492857143,0.00501343792588968,75,18.3,-3276.8,-7,0.14,32.252762805,2.36998911325,-14.5586021415,58.18,1837.28315817,-5780.50977777
"387",386,0.005633239,0.00505261566658661,74,18.3,-3276.8,-8,0.08,32.700285465,2.64071901932,-13.572094543,58,1837.28933955,-5780.50265934
"388",387,0.00538125885714286,0.00507847316562304,74,18.6,-3276.8,-8,0.08,33.79545139,2.9409788646075,-14.318463115,58,1837.29550518,-5780.49555918
"389",388,0.0051215759375,0.00508677495483875,73,18.6,-3276.8,-8,0.1,31.66944571,-0.634326135735,-15.179610515,57.82,1837.3016739,-5780.48848248
"390",389,0.00561353557142857,0.00508195302192651,74,18.8,-3276.8,-6,0.13,35.746763855,2.36908338986318,-9.967352122475,58.14,1837.30779771,-5780.48141322
"391",390,0.00530623025,0.00506631074451369,75,18.8,-3276.8,4,0.15,39.564123785,0.5561546966505,-11.970693208,58,1837.31392761,-5780.47430808
"392",391,0.0054942655,0.00504010349164356,75,19,-3276.8,4,0.13,43.961383545,0.678741875248,-11.2199194185,58.12,1837.32013335,-5780.46713397
"393",392,0.0054959163125,0.00499890500950334,76,19,-3276.8,-6,0.13,42.581177855,0.4180465602,-10.133556134,60,1837.32645915,-5780.45983902
"394",393,0.00484599664285714,0.00494349604417257,74,19.5,-3276.8,-7,0.09,41.64386554,0.2946043402455,-11.922794551,60.44,1837.3329168,-5780.45240067
"395",394,0.0053890625,0.00488025320246641,74,19.5,-3276.8,-8,0.1,42.52447477,-2.229496590055,-12.728606676,61.74,1837.33946856,-5780.4448596
"396",395,0.00456036078571429,0.0048158711759905,74,20,-3276.8,-8,0.1,36.511691045,3.16774170085,-12.1486964925,61.78,1837.34613189,-5780.43720873
"397",396,0.0045570695,0.00475737460500378,74,20,-3276.8,-8,0.09,36.98301708,1.709154299515,-9.23430911235,63.58,1837.35292074,-5780.42951508
"398",397,0.00490061157142857,0.00470725498189917,73,20.4,-3276.8,-8,0.07,37.822770295,0.80167069912,-13.3476898865,64.425,1837.3597854,-5780.42177775
"399",398,0.0046228046875,0.00466222191696867,73,20.4,-3276.8,-8,0.08,30.7349328,1.388968358599,-12.7859632847,64,1837.3667493,-5780.41403436
"400",399,0.00464995976923077,0.00461843197286333,71,20.7,-3276.8,-10,0.13,36.703760635,1.673540224815,-10.8557498425,64.92,1837.37375001,-5780.40633081
"401",400,0.0044883668125,0.00458237200576648,70,20.7,-3276.8,-12,0.14,36.629232165,0.409829909376,-11.544644218255,65.02,1837.3807305,-5780.39860083
"402",401,0.00437285430769231,0.00454964183745454,69,21.3,-3276.8,-14,0.1,35.150683145,-2.37535217945,-13.13773813,64.34,1837.3877289,-5780.39078625
"403",402,0.004418816625,0.00452835764682097,70,21.3,-3276.8,-15,0.1,33.037993995,-1.59166253906,-12.9832968425,65.32,1837.3947702,-5780.38291167
"404",403,0.00447482107142857,0.00451217834352155,71,21.6,-3276.8,-17,0.06,32.9716478,-1.6560927094645,-9.7757766366,66,1837.40183484,-5780.37502047
"405",404,0.004597652375,0.00449764858772241,72,21.6,-3276.8,-17,0.07,33.38572335,-2.09298381647,-12.049285956,66,1837.40893119,-5780.36714154
"406",405,0.00448025778571429,0.00447776955926728,73,21.5,-3276.8,-15,0.09,33.10463107,-1.908214305285,-11.7657459235,66,1837.41603561,-5780.35922997
"407",406,0.00438864326666667,0.00445158492941338,72,21.5,-3276.8,-14,0.09,32.26254759,-1.03995143403,-11.5397784408,66.745,1837.42317306,-5780.35132602
"408",407,0.00456814269230769,0.00442124892936665,71,21.5,-3276.8,-11,0.13,31.93469985,-1.087409693975,-12.9801885397,66.455,1837.43031915,-5780.34343365
"409",408,0.00379882846666667,0.00439564041439159,70,21.5,-3276.8,-12,0.2,33.60306786,-1.38479798494,-10.81979694105,66,1837.43744106,-5780.33551515
"410",409,0.00415721157142857,0.00438586485264545,70,22,-3276.8,-12,0.15,34.51480518,-2.41002753495,-13.2977755235,66,1837.44456897,-5780.32758393
"411",410,0.00464664475,0.00438667549650677,69,22,-3276.8,-14,0.08,34.992308325,-2.0147828119875,-11.4558208295,67.215,1837.45174794,-5780.31965262
"412",411,0.00433377842857143,0.00438570678091401,69,22.2,-3276.8,-15,0.15,33.503446635,-2.18740029468,-14.440703485,66.785,1837.45898775,-5780.31169311
"413",412,0.0049184085625,0.00437476808965172,70,22.2,-3276.8,-15,0.08,30.95733901,-2.79777836962,-15.41605539,67.255,1837.46626719,-5780.30369544
"414",413,0.00412806714285714,0.00435177001749465,70,22.4,-3276.8,-14,0.12,33.025250775,-2.326289066075,-10.8830907813,67,1837.4735607,-5780.29568781
"415",414,0.0041187558125,0.00432499041389977,71,22.4,-3276.8,-11,0.13,27.33494027,-2.265679493015,-9.390355623,67,1837.48085295,-5780.28763065
"416",415,0.0041556355,0.0043079080541333,72,22.6,-3276.8,-10,0.08,24.234289215,-2.471323298305,-13.12589066,67,1837.4881143,-5780.27955561
"417",416,0.0039527536875,0.00430716597383737,73,22.6,-3276.8,-8,0.08,26.386569605,13.287755007335,-11.2695254882,66.66,1837.49530653,-5780.27155257
"418",417,0.0041864445,0.0043207216944468,72,23,-3276.8,-7,0.08,24.644338475,58.8687258,-13.2326972405,66.25,1837.50220827,-5780.26386498
"419",418,0.004587883125,0.00434304854450504,70,23,-3276.8,-7,0.07,22.732040005,59.39061385,-14.861040653,59.78,1837.50811515,-5780.25726861
"420",419,0.00426464971428571,0.00436702938932974,69,23.1,-3276.8,-7,0.09,22.19509216,58.776078415,-15.030694011,50.615,1837.51281039,-5780.25203544
"421",420,0.0043837103125,0.00438934748861467,68,23.1,-3276.8,-6,0.13,22.138446395,56.594485195,-15.5394095275,38.98,1837.51626765,-5780.24815317
"422",421,0.00462184542857143,0.00440404386514403,67,23.2,-3276.8,5,0.08,21.92696853,49.228166875,-21.706361815,27.95,1837.51857735,-5780.24555625
"423",422,0.0050494508125,0.0043989631411543,68,23.2,-3276.8,5,0.04,21.84341734,50.85639554,-17.1783247855,18.515,1837.51983462,-5780.24415342
"424",423,0.00466549035714286,0.00436954457392805,69,23.3,-3276.8,5,0.03,21.82217142,40.052629635,-6.9985622531,9.17,1837.52031654,-5780.24362878
"425",424,0.0040342946875,0.0043251783116624,69,23.3,-3276.8,5,0.07,21.68354332,31.780872215,-7.40437532,3.91,1837.52041092,-5780.24352924
"426",425,0.00418038014285714,0.00428358059809378,71,23.6,-3276.8,5,0.04,21.62386823,39.03210125,-8.7567751945,3,1837.520406,-5780.24353668
"427",426,0.003935708125,0.00425712441144251,71,23.6,-3276.8,5,0.04,21.51930376,30.670368965,-8.981349476,3,1837.520406,-5780.2435419
"428",427,0.00406351721428571,0.00424847131642615,70,23.7,-3276.8,5,0.06,21.48573493,31.855842415,-9.1025491585,0.765,1837.520406,-5780.243544
"429",428,0.0041783426875,0.00425190652766065,69,23.7,-3276.8,-6,0.08,21.409426395,37.43744985,-9.2021697785,0,1837.52041182,-5780.24354754
"430",429,0.00442294092857143,0.00425592322604368,70,23.4,-3276.8,-5,0.08,21.36670521,39.71341404,-8.725745893,0,1837.52041596,-5780.24355
"431",430,0.00436220125,0.00425640915922395,72,23.4,-3276.8,-6,0.12,21.344632985,38.18632648,-9.1738171558,0,1837.520418,-5780.24355
"432",431,0.00414170128571429,0.00425884760456022,76,23.5,-3276.8,-7,0.09,21.310190155,37.034556985,-9.635589734,0,1837.52042358,-5780.24355
"433",432,0.0042113984375,0.00426611574584114,77,23.5,-3276.8,-6,0.1,21.286328675,37.28347415,-10.4251260725,0,1837.520424,-5780.24355
"434",433,0.00462059514285714,0.00427252560743117,78,23.2,-3276.8,-6,0.14,21.254777985,37.8283918,-9.921112622,0,1837.5204297,-5780.24355528
"435",434,0.00432230864285714,0.00427071754094141,81,23.2,-3276.8,-9,0.15,21.252009735,37.75134529,-9.854388676,0,1837.52043,-5780.243556
"436",435,0.00443569525,0.0042578039138178,82,22.7,-3276.8,-10,0.09,21.236594285,37.061083885,-10.0210839655,0,1837.52043,-5780.243556
"437",436,0.00405068842857143,0.00423988510252386,78,22.7,-3276.8,-8,0.07,21.236183695,36.804711765,-10.313885335,0,1837.52043486,-5780.243556
"438",437,0.0042187059375,0.00422927304660213,72,22.2,-3276.8,-7,0.07,21.21243957,36.923789645,-10.35619752,0,1837.520436,-5780.2435581
"439",438,0.00384457492857143,0.00423542962191063,67,22.2,-3276.8,-7,0.06,21.234098005,36.8341461,-10.608035685,0,1837.520436,-5780.243562
"440",439,0.003869193,0.00426228115210086,66,21.8,-3276.8,-8,0.07,21.247092855,36.866180715,-10.70232414,0,1837.52043606,-5780.243562
"441",440,0.0048273363125,0.00430245380312114,67,21.8,-3276.8,-8,0.08,21.21837962,36.890382835,-10.693769985,0,1837.520442,-5780.243562
"442",441,0.004714657,0.00435902918112924,70,21.1,-3276.8,-8,0.06,21.215603265,36.739993,-10.82870954,0,1837.520442,-5780.243562
"443",442,0.004622353,0.00437247731478824,74,21.1,-3276.8,-8,0.08,21.20135284,36.05645025,-11.0136251,0,1837.520442,-5780.24356314
"444",443,NA,NA,77,20.5,-3276.8,-7,0.07,21.17474862,35.836067465,-11.091483665,0,1837.52044434,-5780.243568
"445",444,NA,NA,77,20.5,-3276.8,-7,0.04,21.18404836,35.66823816,-11.092855715,0,1837.520448,-5780.243568
"446",445,NA,NA,77,19.7,-3276.8,-7,0.04,21.18694993,35.142575435,-11.188533625,0,1837.520448,-5780.243568
"447",446,0.0033169394,0.00437134262128681,76,19.7,-3276.8,-8,0.08,21.183491595,34.247928795,-11.24001656,0,1837.52044896,-5780.243568
"448",447,0.0041051404,0.00433178419615625,75,18.9,-3276.8,-8,0.07,21.186196125,34.915964485,-11.387358615,0,1837.520454,-5780.243568
"449",448,0.00512137375,0.0043430432118985,73,18.9,-3276.8,-8,0.06,21.18519906,35.299332205,-11.46266957,0,1837.520454,-5780.24357184
"450",449,0.004140662,0.00434142142800017,70,18.2,-3276.8,-8,0.03,21.17677108,35.01365315,-11.53748325,0,1837.520454,-5780.243574
"451",450,0.00414252257142857,0.00431019499453218,67,18.2,-3276.8,-8,0.04,21.17742399,35.46802456,-11.650575905,0,1837.52045892,-5780.243574
"452",451,0.00448724116666667,0.00428563616303833,66,17.3,-3276.8,-8,0.06,21.34654902,25.349213469105,-11.5199375655,0,1837.52046126,-5780.24357316
"453",452,0.00451565228571429,0.00426517525494867,66,17.3,-3276.8,-8,0.04,33.566226125,-3.56426040372,-12.2219685955,0,1837.52054274,-5780.2434882
"454",453,0.00417656,0.00424523276685539,67,16.5,-3276.8,-9,0.09,42.38083071,-3.859927671,-11.46009118556,1.05,1837.52102688,-5780.2429635
"455",454,0.00432635458333333,0.00427000832373652,67,16.5,-3276.8,-10,0.06,43.221617415,-1.478054789485,-5.38483356188365,7.01,1837.52225592,-5780.2416165
"456",455,0.00461369925,0.00428414874845012,70,15.7,-3276.8,-11,0.06,45.635846425,2.2081433495,-12.26115700061,14.26,1837.52416308,-5780.23949784
"457",456,0.00449982828571429,0.00425903047958084,74,15.7,-3276.8,-11,0.06,49.87928028,3.370819782235,-14.02478111,20.195,1837.52659338,-5780.23678644
"458",457,0.00450386875,0.00422533674206086,76,14.8,-3276.8,-11,0.04,49.56888741,-1.0806039579075,-11.52880391145,24.765,1837.52956356,-5780.23350318
"459",458,0.00408316614285714,0.00417836032014118,78,14.8,-3276.8,-12,0.06,49.86406307,-1.2416915564415,-13.2471924923,30.31,1837.53308208,-5780.22962478
"460",459,0.0040267511875,0.00412674995986598,81,13.9,-3276.8,-14,0.09,50.79943359,0.474258494126379,-12.942140922,36.7,1837.53710802,-5780.22516378
"461",460,0.00378317714285714,0.00407999565673292,80,13.9,-3276.8,-14,0.06,50.471511175,0.34427012271,-13.800071952,41.04,1837.54164006,-5780.22014124
"462",461,0.00437979692307692,0.00405591567565776,80,13.4,-3276.8,-14,0.06,50.20743313,0.1743771637255,-13.5921359355,45.04,1837.54665882,-5780.2145883
"463",462,0.00385507646153846,0.00401369887930121,80,13.4,-3276.8,-12,0.04,49.877376245,0.432859762115,-7.5842054203025,49.44,1837.55208954,-5780.20859478
"464",463,0.0039223445,0.00397963105737701,79,12.7,-3276.8,-12,0.06,50.53722383,0.0822257849845,-13.2973516085,52.9,1837.55789094,-5780.20217658
"465",464,0.00357857435714286,0.00395880853142345,78,12.7,-3276.8,-12,0.07,50.92743622,-0.096970390005,-13.52372569645,55.82,1837.56409656,-5780.19532164
"466",465,0.003741952125,0.00395373051271252,79,12,-3276.8,-15,0.08,46.612500475,0.2706496019836,-16.612643848,60.44,1837.5706803,-5780.18803464
"467",466,0.0042003375,0.00395650325080054,78,12,-3276.8,-14,0.07,44.81297461,-0.6195795949945,-18.949394855,63.3,1837.5775611,-5780.18046546
"468",467,0.00428660528571429,0.00394545480810534,78,11.4,-3276.8,-15,0.07,41.68995534,-0.45179987097,-14.477211416,65,1837.5846795,-5780.17278462
"469",468,0.00425245042857143,0.00399487201737771,79,11.4,-3276.8,-15,0.06,41.78088108,-0.316588023025,-13.02486709,65,1837.59198462,-5780.16501774
"470",469,0.00377790283333333,0.00397611036960157,80,10.6,-3276.8,-17,0.09,37.68487879,-1.1081284904215,-10.3264130875,67.36,1837.59942582,-5780.15714472
"471",470,0.003569800625,0.00393103094309528,81,10.6,-3276.8,-18,0.07,35.53522085,-3.1552611122,-12.2867058048,68.13,1837.60685256,-5780.14911078
"472",471,0.00336351164285714,0.0039030007159401,81,10.1,-3276.8,-18,0.04,37.204637025,-2.13711629882,-15.2209475995,68,1837.61425038,-5780.1410244
"473",472,0.00412013841666667,0.00389146915886361,80,10.1,-3276.8,-18,0.04,23.15401805,5.24639669217,-16.57434187,67.45,1837.62163548,-5780.13293814
"474",473,0.0039760090625,0.00388410156008241,79,10,-3276.8,-18,0.06,22.99163764,45.250630435,-14.47363665,66.86,1837.6288281,-5780.12504382
"475",474,0.00376966716666667,0.00386120355333826,76,10,-3276.8,-15,0.13,24.331717905,39.255609085,-14.537726407,63.69,1837.63529454,-5780.1178863
"476",475,0.00360599271428571,0.00384173167632599,72,9.9,-3276.8,-15,0.08,23.5273588,40.630554255,-16.1081486055,55.85,1837.64079924,-5780.1117267
"477",476,0.00366081342857143,0.0038317134531286,68,9.9,-3276.8,-15,0.07,23.37313253,40.858629095,-18.87751417,47.67,1837.64533776,-5780.10662394
"478",477,0.0036463318125,0.00382738526594637,68,10.1,-3276.8,-15,0.04,23.293983585,48.66195906,-17.059225485,39.44,1837.64896662,-5780.10257118
"479",478,0.00335189257142857,0.00383535843152942,69,10.1,-3276.8,-14,0.1,23.11978603,44.371416005,-20.12075454,30.85,1837.65164544,-5780.09962044
"480",479,0.0041719886875,0.00385275062576765,71,10.6,-3276.8,-11,0.12,22.87625222,49.502002105,-18.503994615,21.05,1837.65326034,-5780.09785578
"481",480,0.00380921,0.00387357192025149,72,10.6,-3276.8,-8,0.13,22.59998402,42.472842085,-13.673571026,11.85,1837.65392412,-5780.09713182
"482",481,0.0038403536875,0.00389793304826161,71,10.7,-3276.8,-7,0.15,22.54706145,28.640911405,-15.688821135,5.06,1837.65407712,-5780.09696586
"483",482,0.00349884392857143,0.00393042609571709,72,10.7,-3276.8,-9,0.18,22.459408015,27.291516315,-18.87501666,3,1837.65408954,-5780.09694648
"484",483,0.003994356,0.00397228653615428,72,10.9,-3276.8,-11,0.31,22.39287376,36.99686872,-19.423504485,3,1837.65407712,-5780.09695464
"485",484,0.0046514425,0.00401466461826377,73,10.9,-3276.8,-12,0.24,22.35970423,35.462095585,-19.761955625,0.99,1837.654074,-5780.0969595
"486",485,0.00383897128571429,0.00408713460526658,73,11,-3276.8,-14,0.14,22.34053224,34.44093723,-19.974932915,0,1837.654074,-5780.096964
"487",486,NA,NA,73,11,-3276.8,-15,0.14,22.30517406,34.978581885,-20.10012156,0,1837.65407712,-5780.096964
"488",487,NA,NA,75,11.4,-3276.8,-14,0.21,22.27996682,35.58235882,-20.27626724,0,1837.65408,-5780.096964
"489",488,NA,NA,76,11.4,-3276.8,-15,0.19,22.261294365,34.39199337,-20.388775975,0,1837.6540857,-5780.096964
"490",489,0.00384100914285714,0.0040689224920932,78,12,-3276.8,-15,0.15,22.243656535,33.557495495,-20.46203256,0,1837.654086,-5780.096964
"491",490,0.003722514,0.00409316607322599,79,12,-3276.8,-17,0.15,22.23764741,33.4951818,-20.55528636,0,1837.65409032,-5780.096964
"492",491,0.0039131188,0.00414375777297755,80,12.3,-3276.8,-14,0.21,22.229294,31.649568945,-20.65616733,0,1837.654092,-5780.096964
"493",492,0.00452412977777778,0.00426291731822137,81,12.3,-3276.8,-14,0.2,22.21617349,31.82169844,-20.69950656,0,1837.654092,-5780.096964
"494",493,0.004795678,0.0044017393612068,79,12.6,-3276.8,-12,0.18,22.199933805,32.141749095,-20.70398692,0,1837.65409524,-5780.096964
"495",494,0.004562526,0.00447084508441955,77,12.6,-3276.8,-12,0.13,22.19212018,32.368450215,-20.731555235,0,1837.654098,-5780.09696616
"496",495,0.004778128125,0.00452736149860728,77,13.4,-3276.8,-12,0.12,22.177520865,31.64593803,-20.787476245,0,1837.654098,-5780.09697
"497",496,0.00445600014285714,0.00458167749764822,77,13.4,-3276.8,-11,0.1,22.18752325,31.58771939,-20.83635008,0,1837.654098,-5780.09697
"498",497,0.00518775228571429,0.00463509835712913,77,14.2,-3276.8,-11,0.09,22.17986157,31.692529685,-20.854687845,0,1837.65410352,-5780.09697
"499",498,0.00540679733333333,0.00468041436321317,77,14.2,-3276.8,-10,0.09,22.17124119,31.7303442,-20.8520747,0,1837.654104,-5780.09697
"500",499,0.0069789978,0.00471033563462453,78,14.8,-3276.8,-9,0.07,22.14993014,31.67827175,-20.890093475,0,1837.654104,-5780.09697
"501",500,0.00432178966666667,0.00473199392309307,77,14.8,-3276.8,-8,0.08,22.138108275,31.46385007,-20.90733853,0,1837.65410796,-5780.09697
"502",501,0.0044721766,0.00474745035651606,76,15.5,-3276.8,-8,0.07,22.14397796,30.856847265,-20.95494823,0,1837.65411,-5780.09697
"503",502,0.00616892628571429,0.00475138485123632,76,15.5,-3276.8,-8,0.09,22.138463655,31.093198655,-20.9906527,0,1837.654113,-5780.09697
"504",503,0.00533903736666667,0.00472874037339708,76,16,-3276.8,-10,0.12,22.129224755,31.218062585,-21.02113067,0,1837.654116,-5780.09697378
"505",504,0.00565510325,0.00468832090333858,75,16,-3276.8,-12,0.1,22.13413055,31.74656745,-21.04636742,0,1837.65411672,-5780.096976
"506",505,NA,NA,74,16.5,-3276.8,-14,0.07,22.119635265,32.090334295,-21.07547155,0,1837.654122,-5780.096976
"507",506,NA,NA,73,16.5,-3276.8,-14,0.19,22.11517376,31.67751272,-21.11527278,0,1837.654122,-5780.096976
"508",507,NA,NA,73,17,-3276.8,-14,0.16,22.10892005,31.398438515,-21.13378975,0,1837.65412416,-5780.09698044
"509",508,NA,NA,72,17,-3276.8,-15,0.06,22.09836645,31.89520296,-21.153488125,0,1837.654128,-5780.096982
"510",509,0.004158451,0.00462726275840616,71,17.4,-3276.8,-15,0.07,22.10735716,32.500133275,-21.16242573,0,1837.654128,-5780.096982
"511",510,0.004285295125,0.00454287822015589,70,17.4,-3276.8,-15,0.07,22.111107675,36.04474753,-21.182135575,0,1837.6541301,-5780.096982
"512",511,0.00427541933333333,0.00427996205079299,70,18,-3276.8,-15,0.07,22.1104776268657,35.0180046517413,-21.2119413034826,0,1837.654134,-5780.096982
"513",512,0.00437146714285714,0.00424915111461991,69,18,-3276.8,-14,0.12,22.110783879397,34.8072665929648,-21.2373122562814,0,1837.654134,-5780.09698760804
"514",513,0.00451545925,0.00423591301953993,69,18.6,-3276.8,-13,0.16,22.115761895,35.248200515,-21.255465535,0,1837.6541364,-5780.096988
"515",514,0.004322421,0.00422783446890886,69,18.6,-3276.8,-11,0.09,22.111748785,34.16656938,-21.27366453,0,1837.65414,-5780.096988
"516",515,0.00412894425,0.00419364133127956,68,18.5,-3276.8,-11,0.12,22.10687446,34.181046925,-21.295041255,0,1837.65414138,-5780.096988
"517",516,0.00428910408333333,0.00419117362593911,68,18.5,-3276.8,-12,0.13,22.09743656,34.201588835,-21.300993975,0,1837.654146,-5780.096988
"518",517,0.00431656553846154,0.00417665135121385,68,18.5,-3276.8,-11,0.14,22.09669729,34.21395334,-21.323943095,0,1837.65414786,-5780.096988
"519",518,0.004135497,0.00414075711125185,69,18.5,-3276.8,-12,0.08,22.091777835,33.93112458,-21.33996647,0,1837.654152,-5780.096988
"520",519,0.00371463733333333,0.00409944993556636,70,18.5,-3276.8,-12,0.08,22.08781829,33.069709395,-21.355155555,0,1837.65415338,-5780.096988
"521",520,0.0040500574,0.00408825201632851,70,18.5,-3276.8,-11,0.08,22.08522669,32.65203546,-21.36892816,0,1837.654158,-5780.096988
"522",521,0.00380662128571429,0.00407758437535722,71,18.7,-3276.8,-11,0.12,22.088129655,33.42611753,-21.38488398,0,1837.6541589,-5780.096988
"523",522,0.003725224875,0.00407131451426313,71,18.7,-3276.8,-12,0.13,22.08657989,34.245134425,-21.396114915,0,1837.654164,-5780.096988
"524",523,0.00423043114285714,0.00407394045958985,72,18.9,-3276.8,-12,0.25,22.090756265,35.442181075,-21.405798355,0,1837.654164,-5780.096988
"525",524,0.0037200643125,0.00408603582237903,72,18.9,-3276.8,-11,0.25,22.08794854,35.6062817,-21.419353075,0,1837.65416874,-5780.096988
"526",525,0.00371671114285714,0.00411524784966793,71,19.4,-3276.8,-11,0.07,22.086232005,35.766786925,-21.436619565,0,1837.65417,-5780.096988
"527",526,0.003802099375,0.00416633366962291,72,19.4,-3276.8,-11,0.06,22.08038011,34.872112105,-21.443427765,0,1837.65417174,-5780.096988
"528",527,0.00442302678571429,0.00422799567461759,72,19.9,-3276.8,-11,0.12,22.07828029,35.146896325,-21.454028475,0,1837.654176,-5780.096988
"529",528,0.004707177875,0.00428180795251131,73,19.9,-3276.8,-11,0.18,22.07536125,35.28411202,-21.453976405,0,1837.65417612,-5780.0969895
"530",529,0.00433020071428571,0.00432087074751285,74,20.6,-3276.8,-11,0.09,22.07075263,35.56882605,-21.473445415,0,1837.654182,-5780.096994
"531",530,0.0041166008125,0.00435690847785805,74,20.6,-3276.8,-11,0.27,22.06925154,36.252964635,-21.493492435,0,1837.6541835,-5780.096994
"532",531,0.00418799878571429,0.00440408016638831,74,21.2,-3276.8,-11,0.16,22.063386425,35.808832525,-21.49898838,0,1837.654188,-5780.0969952
"533",532,0.00496627706666667,0.00447051044065286,73,21.2,-3276.8,-11,0.12,22.06465434,32.598030885,-21.508590955,0,1837.65419298,-5780.097
"534",533,0.0052800806,0.00466333059382531,73,21.5,-3276.8,-10,0.1,22.062355905,30.78582526,-21.515690205,0,1837.65419562,-5780.097
"535",534,NA,NA,73,21.5,-3276.8,-9,0.12,25.53100424,4.05194181625,-21.5297113435,0,1837.65421134,-5780.09698746
"536",535,NA,NA,75,21.8,-3276.8,-9,0.09,40.5670773,-1.981885940635,-27.381148175,0,1837.65436548,-5780.09682156
"537",536,NA,NA,76,21.8,-3276.8,-9,0.08,45.10299082,-2.55383570074,-10.3040593172605,3.335,1837.655085,-5780.09604918
"538",537,NA,NA,77,22,-3276.8,-11,0.1,46.56706264,-0.604501638315,-13.257136028315,9.985,1837.65663408,-5780.09438286
"539",538,NA,NA,78,22,-3276.8,-10,0.1,51.73371825,-0.948002771785,-12.21661723305,17.735,1837.65885762,-5780.09200104
"540",539,NA,NA,78,21.9,-3276.8,-9,0.24,56.655708585,-0.87032381236,-14.592888211,22.815,1837.66159758,-5780.08905594
"541",540,NA,NA,77,21.9,-3276.8,-10,0.3,56.134377035,-1.17862235929,-15.4523550735,28.37,1837.6649589,-5780.08545318
"542",541,NA,NA,77,21.8,-3276.8,-11,0.28,57.16897961,-0.778210880626,-16.6187930305,34.735,1837.66896948,-5780.0811948
"543",542,0.0054086975,0.0046971138102654,76,21.8,-3276.8,-10,0.22,56.641888745,-1.500409269737,-18.98052831,39.825,1837.67358552,-5780.07637962
"544",543,0.0051170166,0.00472226963025195,75,21.7,-3276.8,-7,0.1,56.36833037,-3.27858326226,-15.242663479,44.825,1837.6788285,-5780.07108954
"545",544,0.00482244742857143,0.0047486416465245,75,21.7,-3276.8,-6,0.15,52.700025725,0.372102756441,-13.964832592,49.79,1837.68465942,-5780.06534316
"546",545,0.0059322836,0.00477060701043456,76,21.4,-3276.8,-4,0.13,50.673258165,-0.731557004403,-13.926784995,53.865,1837.69091718,-5780.05916238
"547",546,NA,NA,75,21.4,-3276.8,-5,0.13,45.637011735,-1.785308961515,-12.34784142465,57.09,1837.69750626,-5780.05262394
"548",547,0.003476581,0.00434532356431306,74,21,-3276.8,-5,0.1,42.4982349,-1.068407470035,-13.066697549,60.31,1837.70433018,-5780.04582012
"549",548,0.00460391892857143,0.00457592446021691,75,21,-3276.8,3,0.15,45.39096329,-0.983162173326,-10.76273317165,61.365,1837.71127632,-5780.03880894
"550",549,0.0055002685,0.00456285965333895,76,20.4,-3276.8,3,0.12,42.096313875,-1.9298834716,-8.63635206673,62.66,1837.7183424,-5780.03159676
"551",550,0.005109122875,0.00460033196850094,78,20.4,-3276.8,4,0.1,45.190899965,-1.431561149445,-4.19567384102,64.16,1837.7254575,-5780.02411488
"552",551,0.004372825,0.00458781876909804,78,19.6,-3276.8,11,0.21,43.33198618,-1.52899833554,-8.8176795305,65.68,1837.73254338,-5780.01624876
"553",552,0.005525095375,0.00455215386219021,77,19.6,-3276.8,16,0.21,40.2974149,-1.296876245552,-11.8055953655,66.71,1837.7396259,-5780.00804778
"554",553,0.00434693107692308,0.00448432824104586,76,19.1,-3276.8,18,0.21,41.598390265,-3.1894154275,-16.521311375,68,1837.74675324,-5779.99965402
"555",554,0.00404475108333333,0.00443496678577556,75,19.1,-3276.8,18,0.24,41.75958953,-1.7635092045,-17.59087467,68,1837.7540151,-5779.99120146
"556",555,0.0043091931875,0.0043785300331534,74,19,-3276.8,-17,0.2,34.602324045,-1.10067892539,-19.48048728,68.16,1837.761423,-5779.98266214
"557",556,0.00387284328571429,0.00434010306544356,73,19,-3276.8,-17,0.2,29.03807214,-2.293788835975,-18.98063039,70.875,1837.7689497,-5779.9741305
"558",557,0.0039450486875,0.004330531269345,74,18.6,-3276.8,-16,0.24,30.69233633,-4.652262122,-20.098209985,70.76,1837.77655122,-5779.96565736
"559",558,0.00428322053846154,0.00433399860875143,75,18.6,-3276.8,-15,0.15,31.63870368,-5.275108375,-14.76421225,70.48,1837.78422906,-5779.95725532
"560",559,0.0043290549375,0.00437151994771164,75,18.3,-3276.8,-14,0.14,31.952703635,-4.1079004075,-17.07392505,71.24,1837.79196306,-5779.94880366
"561",560,0.003998875,0.00441312605869287,76,18.3,-3276.8,-13,0.12,28.381117675,-5.101437124,-16.249220015,71,1837.7997639,-5779.94024508
"562",561,0.004986904875,0.00445957642055509,75,17.9,-3276.8,-12,0.09,26.295378535,-4.8892313325,-15.546447035,72.91,1837.80762108,-5779.93160784
"563",562,0.00468553566666667,0.00450207375510382,75,17.9,-3276.8,-11,0.13,21.902999425,-3.953266377,-17.229339445,72.275,1837.81551252,-5779.92294996
"564",563,NA,NA,76,17.9,-3276.8,-11,0.25,21.33292778,-4.287503451,-16.871188095,73.36,1837.82342424,-5779.91426502
"565",564,NA,NA,79,17.9,-3276.8,-11,0.15,21.093146565,-4.72314775,-19.09365179,72.84,1837.83131592,-5779.90561572
"566",565,NA,NA,78,17.9,-3276.8,-12,0.13,20.102795015,-4.262024927,-22.410574195,72.32,1837.83916392,-5779.89700008
"567",566,NA,NA,76,17.9,-3276.8,-12,0.14,20.512680025,-4.5941922405,-16.6591955,73,1837.8469761,-5779.88842392
"568",567,NA,NA,73,17.9,-3276.8,-11,0.16,21.076200885,-5.013489742,-17.36259671,72,1837.8547455,-5779.87989222
"569",568,NA,NA,70,17.9,-3276.8,-11,0.25,21.419466955,-5.491606974,-15.42625905,71.645,1837.86246504,-5779.87145538
"570",569,NA,NA,73,17.7,-3276.8,-11,0.14,21.53706985,-5.619771341,-14.9380917565,70.445,1837.8701028,-5779.86312636
"571",570,NA,NA,74,17.7,-3276.8,-11,0.16,21.435014295,-6.28833463,-15.2229266565,70.04,1837.87760034,-5779.85487948
"572",571,NA,NA,74,17.4,-3276.8,-12,0.16,21.49752983,-5.286508988,-17.3361904,68.44,1837.8849411,-5779.84674642
"573",572,NA,NA,74,17.4,-3276.8,-14,0.12,21.478904225,-4.5131971405,-15.53128125,67.36,1837.89213222,-5779.83882414
"574",573,NA,NA,76,16.9,-3276.8,-15,0.14,21.247195565,-5.7184263835,-13.8456505105,65.28,1837.8991596,-5779.8311163
"575",574,NA,NA,77,16.9,-3276.8,15,0.33,21.194589615,-5.522802685,-16.06842834,64,1837.90600554,-5779.82356332
"576",575,0.0040515095,0.00441813756085366,77,16.4,-3276.8,16,0.18,21.083362255,-5.427076441,-17.18006099,62.725,1837.91269926,-5779.8161619
"577",576,0.0052622984,0.00441711407219942,78,16.4,-3276.8,-15,0.15,21.02604606,-5.8062401545,-15.9326138845,61.56,1837.9192461,-5779.80890328
"578",577,0.00481719211111111,0.00451627822300467,76,16,-3276.8,-14,0.14,21.079547525,21.2732930901,-16.81721337,60.04,1837.92566622,-5779.80181356
"579",578,0.00392777675,0.00456373823389811,74,16,-3276.8,-12,0.1,20.999889825,31.13889091,-15.983850195,58.6,1837.931859,-5779.79501124
"580",579,0.00501933266666667,0.00455497758948989,72,15.6,-3276.8,-12,0.14,21.012363835,35.612151015,-15.720686823,55.36,1837.93767252,-5779.78862526
"581",580,0.0050109828,0.00454215577851707,73,15.6,-3276.8,-12,0.22,21.831595595,37.051831295,-14.2478176,51.24,1837.94295762,-5779.78281954
"582",581,0.00451203266666667,0.00452626441515472,72,15.2,-3276.8,-11,0.14,22.026320735,33.81275391,-15.08144286,46.24,1837.94758062,-5779.7777001
"583",582,0.00397556933333333,0.00447417724165979,72,15.2,-3276.8,-10,0.18,22.072159205,40.16349598,-16.44477868,40.32,1837.9515507,-5779.77327792
"584",583,0.00417861953333333,0.00444245987031019,72,14.9,-3276.8,-9,0.15,22.219127575,39.22758374,-23.080279155,34.4,1837.9548621,-5779.76958588
"585",584,0.00407996891666667,0.00443701547257051,71,14.9,-3276.8,-10,0.16,22.325157385,40.27916387,-18.348753595,28.4,1837.95751776,-5779.76663376
"586",585,0.004765743375,0.00446088459118021,72,14.9,-3276.8,-11,0.19,22.147989405,35.103522985,-21.5422795175,23.24,1837.95958242,-5779.76434896
"587",586,0.00444937835714286,0.00447532237552394,72,14.9,-3276.8,-12,0.19,21.982328905,29.112218665,-14.4464614755,17.24,1837.96119606,-5779.76256492
"588",587,0.00482702875,0.00448358751980891,73,14.9,-3276.8,-14,0.15,21.871718245,31.61136118,-20.98387708,13.36,1837.96241976,-5779.76120424
"589",588,0.00399299021428571,0.00449297794073773,75,14.9,-3276.8,-14,0.09,21.846005615,30.82273817,-20.12971716,9.72,1837.9632474,-5779.76028138
"590",589,0.0042116100625,0.00451750666505373,75,15.2,-3276.8,-12,0.09,21.830558635,30.209264105,-19.185498705,6.28,1837.96378506,-5779.75968336
"591",590,0.00468547742857143,0.00455980413402895,73,15.2,-3276.8,-12,0.08,21.774989125,29.555580455,-20.234255665,5,1837.9641504,-5779.75928238
"592",591,0.005045631125,0.00460556558640649,73,15.5,-3276.8,-12,0.13,21.75435191,30.02130327,-20.670074745,3.24,1837.96429224,-5779.7591283
"593",592,0.00560779575,0.0046355593182593,74,15.5,-3276.8,-11,0.07,21.781872555,29.888757705,-20.66001947,3,1837.964292,-5779.75912572
"594",593,0.00480127325,0.00466215588687168,73,16,-3276.8,-10,0.1,21.98623545,7.62146020315,-19.48458418,1.665,1837.96430568,-5779.75910886
"595",594,0.00408763171428571,0.00465182786012026,72,16,-3276.8,-10,0.13,26.818769295,-2.5239515905,-15.7693756615,0,1837.9644501,-5779.7589471
"596",595,0.00464607075,0.00465571995356442,71,16.2,-3276.8,-9,0.08,37.262344775,-2.7714437685,-12.781301828,0.48,1837.96481064,-5779.75854876
"597",596,0.00572171258333333,0.0046324244638784,72,16.2,-3276.8,-9,0.09,42.7945616,-3.2649235755,-14.643604171,6.4,1837.96565004,-5779.75762272
"598",597,0.00523901881818182,0.00463235340874534,73,16.4,-3276.8,-10,0.09,42.31574643,-1.629559572376,-8.1900845691,11.76,1837.96721304,-5779.75589448
"599",598,0.00415067142857143,0.00463889025579938,72,16.4,-3276.8,-9,0.14,42.58072814,-1.5525097707,-10.44973060535,17.24,1837.96934838,-5779.7535309
"600",599,0.00433168128571429,0.00462498651001864,72,16.9,-3276.8,-8,0.14,42.690566515,-1.228829919995,-7.032428185575,22.345,1837.97192394,-5779.75066746
"601",600,0.005354422,0.00461551787708605,73,16.9,-3276.8,-9,0.09,42.39064965,-1.10536695627,-8.362077405,26.69,1837.97487108,-5779.74732138
"602",601,0.0061074,0.00459252324079968,73,17.6,-3276.8,-9,0.15,42.40965894,-2.7466414585,-10.7924367685,29.41,1837.97813928,-5779.74351618
"603",602,0.0049420568,0.00455101057228162,73,17.6,-3276.8,-7,0.15,35.232020705,3.5686889266,-11.78253631593,33.8,1837.9816884,-5779.7392872
"604",603,0.00440325328571429,0.00449882040268181,72,18.5,-3276.8,4,0.14,24.10630938,22.033212765735,-10.1895464851,35,1837.98539466,-5779.73481162
"605",604,0.00406194016666667,0.00443937926623881,70,18.5,-3276.8,4,0.1,23.84286983,29.437968495,-8.6448426465,34.36,1837.98889884,-5779.73055924
"606",605,0.004679252375,0.00438004984043393,70,19.1,-3276.8,4,0.08,23.784223505,28.9368654,-10.106964746,31.195,1837.99194132,-5779.72677318
"607",606,0.00383907342857143,0.00432452487998282,70,19.1,-3276.8,4,0.1,23.45766846,14.66076807257,-10.865350393,28.305,1837.99458756,-5779.72339134
"608",607,0.00448532713333333,0.00438782435093337,69,19.2,-3276.8,4,0.15,32.276745215,-5.651666463,-10.373525536,25.99,1837.99708716,-5779.7201637
"609",608,0.00422984969230769,0.00433264490270389,69,19.2,-3276.8,-6,0.18,44.59782084,-6.410873139,-12.11078954,25.56,1837.99965486,-5779.71682962
"610",609,0.0038050444,0.00429065116060391,71,19.1,-3276.8,-11,0.18,54.374811785,-6.0421065395,-9.62430689835,27.88,1838.00244534,-5779.71315114
"611",610,0.00408216615384615,0.00426545678968017,74,19.1,-3276.8,-14,0.14,53.70996295,-3.93452892695,-11.088298209,29.88,1838.0056179,-5779.70888364
"612",611,0.00416707006666667,0.00425679663890431,74,19.3,-3276.8,-15,0.12,52.626615015,0.78567159727,-8.57770239,35.2,1838.00922222,-5779.70391348
"613",612,0.00440910215384615,0.00425215977725711,74,19.3,-3276.8,-17,0.08,48.24138254,-1.1327187213895,-7.9740856615,41.425,1838.01319128,-5779.69825938
"614",613,0.00447007471428571,0.0042423577469887,73,19.5,-3276.8,-15,0.06,43.95142796,0.4973109495345,-12.28298858,45.29,1838.01744498,-5779.69201206
"615",614,0.00466162284615385,0.00421164730926259,71,19.5,-3276.8,-15,0.07,40.016767085,1.14421023594,-11.457314308,47.62,1838.02192095,-5779.68526365
"616",615,0.00418505486666667,0.00416703550011006,70,19.6,-3276.8,-15,0.13,36.25355221,1.97512230435,-9.205149023,50,1838.02654287,-5779.67812878
"617",616,0.00385209185714286,0.0041159532964442,73,19.6,-3276.8,-15,0.1,30.524208535,3.883730414955,-10.27653535145,52.41,1838.03125218,-5779.67066214
"618",617,0.00346641685714286,0.00408562130503985,76,19.8,-3276.8,-12,0.15,20.51585426,0.49891625001,-6.513233465,55.32,1838.03597733,-5779.66293366
"619",618,0.003689686125,0.00407923455123747,74,19.8,-3276.8,-8,0.16,30.42922847,0.321652458514,-8.21353286,55.2,1838.04060189,-5779.65500646
"620",619,0.0041308965,0.0040929697861596,70,19.9,-3276.8,-6,0.1,39.55643041,-3.8410564525,-10.765276902,55.565,1838.04513438,-5779.64683152
"621",620,0.0038069049375,0.00411348520815254,68,19.9,-3276.8,4,0.09,42.29297473,-3.4689596216,-9.4209918165,57.09,1838.04966651,-5779.63827663
"622",621,0.00468477033333333,0.00412186119773395,68,19.4,-3276.8,4,0.12,50.96316671,-1.058794422275,-10.5813749245,59.17,1838.05422942,-5779.62930918
"623",622,0.00448776553846154,0.00411553734335723,70,19.4,-3276.8,4,0.19,49.970325055,-2.35122252054,-9.065374478,62.45,1838.05887864,-5779.6198266
"624",623,0.003861262,0.00408501730679667,73,18.4,-3276.8,5,0.16,50.296915675,-2.8880029495,-6.070571402073,65.02,1838.06362452,-5779.60982124
"625",624,0.0037234048,0.00407307666598525,75,18.4,-3276.8,4,0.08,47.18274574,-1.020929917795,-6.2360065045,68.52,1838.06836563,-5779.59928146
"626",625,0.00341060284615385,0.00406642018450999,77,17.4,-3276.8,3,0.14,41.81417071,0.786310843045,-5.5882565355,70.84,1838.07300885,-5779.58825532
"627",626,0.0037166164375,0.00409998543363124,78,17.4,-3276.8,-6,0.18,40.51881642,1.715169327185,-7.112471973,71,1838.07748086,-5779.57684572
"628",627,0.00364345328571429,0.00415106656865027,80,16.6,-3276.8,-7,0.1,35.676226005,2.204673322825,-7.8048022575,73.82,1838.08175505,-5779.56512151
"629",628,0.00497781215384615,0.00422262047494494,80,16.6,-3276.8,-7,0.09,34.17817208,2.265051397515,-8.7908993625,74.035,1838.08584468,-5779.5532077
"630",629,0.00462402914285714,0.00429987879434881,80,16.1,-3276.8,-6,0.08,37.95816603,0.7507756726005,-11.6925586185,74,1838.08974984,-5779.54120668
"631",630,0.00357806975,0.00431301947359445,78,16.1,-3276.8,-6,0.04,38.419336725,-0.97353861679,-12.878307448,73.355,1838.09353818,-5779.52915805
"632",631,0.00416771728571429,0.00434256376400653,75,15.7,-3276.8,-8,0.12,41.334802435,0.439763243855,-12.305475294,74.29,1838.09725302,-5779.51705533
"633",632,0.00379495485714286,0.00431601390182044,71,15.7,-3276.8,-8,0.1,42.2968924,0.6955548471345,-12.7773744095,75,1838.100882,-5779.50490164
"634",633,0.00416640771428571,0.00439476628806164,72,15.1,-3276.8,-6,0.08,46.052226855,0.454037689675,-14.598680829,75,1838.10449493,-5779.49273724
"635",634,0.004367480625,0.00451303839341432,71,15.1,-3276.8,-6,0.04,42.61430998,-0.5112533410465,-16.25146701,75,1838.10813783,-5779.48055316
"636",635,0.0058333588,0.00464835612318375,71,14.8,-3276.8,-7,0.09,40.19619005,-0.36378943815,-16.9352951,75,1838.11179738,-5779.46836632
"637",636,0.005468888875,0.00480066968888402,73,14.8,-3276.8,-11,0.12,38.01534955,-0.8530368823515,-16.623446835,74.955,1838.11544661,-5779.45620486
"638",637,0.00559520642857143,0.00488751562060368,74,14.5,-3276.8,-12,0.09,38.63061861,-0.342242642333,-11.3105618865,74,1838.11909143,-5779.44408567
"639",638,NA,NA,74,14.5,-3276.8,-12,0.1,35.4804185,0.2831254047415,-10.374832078565,74,1838.12273283,-5779.43195352
"640",639,NA,NA,74,14.3,-3276.8,-15,0.1,28.931255605,2.898001172125,-12.1466865615,73.755,1838.12635509,-5779.4198178
"641",640,NA,NA,75,14.3,-3276.8,-14,0.15,26.51780211,1.02444176141,-13.2137312385,73.49,1838.12991114,-5779.40772156
"642",641,NA,NA,74,14,-3276.8,-17,0.26,22.7093746,1.8336943034865,-16.04974748,74.235,1838.13343743,-5779.39570563
"643",642,NA,NA,74,14,-3276.8,19,0.26,29.619945515,3.309998708915,-15.944417015,72.63,1838.13695403,-5779.38379842
"644",643,NA,NA,73,14.1,-3276.8,-20,0.19,29.401627005,-0.662884244695,-12.773314123,72.89,1838.14050009,-5779.37190624
"645",644,NA,NA,73,14.1,-3276.8,-18,0.18,28.346037675,0.2267003939089,-15.505959865,73.035,1838.14408371,-5779.35994731
"646",645,NA,NA,75,14.5,-3276.8,-18,0.14,26.55126434,1.6388519088,-16.00984607,73.25,1838.14769571,-5779.34792658
"647",646,NA,NA,75,14.5,-3276.8,-16,0.18,26.353017565,0.77846534437,-16.50821713,74.355,1838.15132826,-5779.33586394
"648",647,NA,NA,75,14.9,-3276.8,-15,0.31,25.50855908,0.4721099919395,-16.96218126,74,1838.15496678,-5779.32376173
"649",648,NA,NA,76,14.9,-3276.8,-15,0.18,26.390620035,-0.4492046162355,-11.885756671565,73.31,1838.15859708,-5779.31162769
"650",649,NA,NA,76,15.2,-3276.8,-14,0.19,27.80320095,0.5250567684185,-13.5368142,74.7,1838.1622131,-5779.29945759
"651",650,NA,NA,77,15.2,-3276.8,-12,0.13,29.068394215,-0.7722881401,-13.3319787238,75,1838.16579351,-5779.28722578
"652",651,NA,NA,78,15.4,-3276.8,-12,0.12,28.88824516,-1.4050742252,-15.195581925,75,1838.16937503,-5779.27493613
"653",652,NA,NA,79,15.4,-3276.8,-12,0.12,28.825947795,-2.095293423,-14.268383,76.005,1838.17297383,-5779.26259266
"654",653,NA,NA,79,15.7,-3276.8,-11,0.15,21.740946065,1.295683490895,-12.7315878275,75.52,1838.17658697,-5779.2501939
"655",654,NA,NA,78,15.7,-3276.8,-11,0.19,28.069176325,1.706735407495,-12.574554673,76.34,1838.18021307,-5779.23781056
"656",655,0.00565948516666667,0.00471504557280147,79,15.9,-3276.8,-11,0.37,25.14366317,0.717389008287,-10.725433251,75.5,1838.18387775,-5779.22546787
"657",656,0.00480239669230769,0.0048084369260769,79,15.9,-3276.8,-11,0.14,23.79394563,1.21121852444,-8.751595308,75.985,1838.18754411,-5779.2131076
"658",657,0.00545520828571429,0.00486458771867058,78,16.4,-3276.8,-11,0.18,24.10436395,0.816940281163,-12.071664696,75,1838.19115245,-5779.20076485
"659",658,0.00825156173333333,0.00487877345822191,77,16.4,-3276.8,-12,0.16,27.305997965,0.384117270395,-15.5806714695,75,1838.1946989,-5779.18848396
"660",659,0.00520733646153846,0.00483017243342468,78,16.9,-3276.8,-12,0.09,27.523719575,-0.7100692403169,-9.71910216095,75,1838.19826338,-5779.17622812
"661",660,0.00410012626666667,0.00477586405551793,77,16.9,-3276.8,-12,0.14,29.004057815,-1.6479614286,-7.885661176,76.495,1838.20181763,-5779.16395257
"662",661,0.00408627985714286,0.00474915309646097,77,17.3,-3276.8,-11,0.15,30.299442365,-0.97279715786,-7.709702448,75.03,1838.2053606,-5779.15167315
"663",662,0.00497912266666667,0.00476008403697908,76,17.3,-3276.8,-11,0.2,31.91379096,-0.69556587321,-12.7524963035,75,1838.20888029,-5779.13939184
"664",663,0.00556058457142857,0.00494705385175062,75,17.4,-3276.8,-9,0.18,33.705359735,-1.2051123049485,-12.6900811905,75,1838.21236494,-5779.12709532
"665",664,0.005212324875,0.00498169365157717,76,17.4,-3276.8,-9,0.14,34.23682411,-1.6213637965,-16.760222905,75,1838.21584674,-5779.11478398
"666",665,0.0061760184,0.004991243798286,77,17.1,-3276.8,-8,0.14,35.0057038,-2.28318512505,-15.69253652,75,1838.21933445,-5779.1024616
"667",666,0.005358803375,0.0049792467480955,77,17.1,-3276.8,-9,0.18,36.60433965,-1.27413764318,-14.188641807,75,1838.2228506,-5779.09015587
"668",667,0.005033817,0.0049537899677016,76,17.2,-3276.8,-9,0.13,37.080766125,-1.469588625595,-12.1659975215,75.69,1838.2263747,-5779.07784855
"669",668,0.00474364666666667,0.00493215890027494,73,17.2,-3276.8,-11,0.13,37.69892717,-2.4959873787,-13.1919709745,75.47,1838.22986301,-5779.06554048
"670",669,0.0049293314,0.00491784509790064,71,17,-3276.8,-14,0.13,38.88328954,-2.05055984375,-12.3270909765,75,1838.23331331,-5779.05322641
"671",670,0.0050355063,0.00484091213323877,71,17,-3276.8,15,0.1,39.052847995,-1.28601063972,-16.14049791,75,1838.23677498,-5779.04092821
"672",671,0.00513141357142857,0.00473138813696452,73,16.5,-3276.8,15,0.1,39.17962,-2.897854997,-13.858089587,75,1838.24024301,-5779.0286379
"673",672,0.0048042368,0.00471507077750568,75,16.5,-3276.8,15,0.15,39.32742142,-3.0310267515,-13.463081531,75,1838.24373876,-5779.01635902
"674",673,0.00498169790909091,0.00465644733548528,75,16.4,-3276.8,15,0.13,39.149021755,-3.0377659635,-14.6705346865,75,1838.2472307,-5779.00407219
"675",674,0.00497665286666667,0.00462090201570997,74,16.4,-3276.8,15,0.09,39.60002319,-4.1849574125,-16.194451475,75,1838.25073251,-5778.99177504
"676",675,0.00412116475,0.00462311128994497,73,15.9,-3276.8,15,0.15,39.270302165,-3.76510502054,-12.9554722,75,1838.25425508,-5778.97946865
"677",676,0.00475823775,0.00455358744267972,71,15.9,-3276.8,17,0.16,38.75124273,-1.38123884943005,-13.87820413,76.49,1838.25778203,-5778.96715308
"678",677,0.00481729483333333,0.00448492357163724,71,15.5,-3276.8,16,0.1,31.41242969,-1.56946326033,-14.99344809,75.03,1838.26132113,-5778.95484528
"679",678,0.0046907890625,0.00447465697129175,71,15.5,-3276.8,15,0.13,31.653018735,-2.3606468252,-14.62541099075,75,1838.26484634,-5778.94259682
"680",679,0.00431926221428571,0.00442972713907758,71,15.2,-3276.8,15,0.16,34.117365235,-2.22690335455,-11.88804595575,74.835,1838.26834608,-5778.93041949
"681",680,0.0039454524375,0.00439824354450924,71,15.2,-3276.8,15,0.15,33.63557716,-3.5808044335,-11.237783082,74,1838.27178033,-5778.9182235
"682",681,0.00418526885714286,0.00438758422602707,72,14.9,-3276.8,15,0.18,32.05710826,-2.3671692111,-13.891516153,74,1838.27523318,-5778.90599883
"683",682,0.004488083,0.00439400107288437,74,14.9,-3276.8,13,0.16,20.522116595,1.4642889031185,-15.536933235,74,1838.27871723,-5778.89375022
"684",683,0.0045424548125,0.00440990630648356,75,14.6,-3276.8,10,0.15,20.396905535,-4.351208299365,-16.90964032,73.15,1838.2821975,-5778.88155159
"685",684,0.004325795,0.00442503642444603,74,14.6,-3276.8,-7,0.18,21.42333044,-3.45083233145,-17.3796453,74.17,1838.28565923,-5778.86950803
"686",685,0.004472615375,0.00443229514059607,75,14.3,-3276.8,6,0.1,24.376058155,-2.805470963,-14.423818661,73.42,1838.28914247,-5778.85763355
"687",686,0.00479629014285714,0.00443193146938354,76,14.3,-3276.8,3,0.13,22.2800005,-0.24622617801,-17.078819665,72,1838.29271433,-5778.84590514
"688",687,0.00419832364285714,0.00441636921687574,78,14.4,-3276.8,1,0.13,20.661539905,7.26723776558,-24.308473075,72,1838.29648704,-5778.83426394
"689",688,0.0039784055,0.00442339450566769,80,14.4,-3276.8,-3,0.18,21.738685505,30.74435828,-20.799223565,71.75,1838.30057745,-5778.82285467
"690",689,0.0046503639375,0.00446205822041119,79,14.5,-3276.8,-7,0.16,20.908489,21.33331377,-21.572686345,70.5,1838.30485197,-5778.81194127
"691",690,0.00529875214285714,0.00448267999394005,78,14.5,-3276.8,-8,0.15,20.639154765,6.850027243735,-25.014385245,68.23,1838.30930436,-5778.80137116
"692",691,0.0049790759375,0.00447870716833818,77,14.8,-3276.8,-7,0.22,20.73387022,0.7726690046,-23.81661546,67.07,1838.31402729,-5778.79105746
"693",692,0.00459011207142857,0.00445239033217523,76,14.8,-3276.8,-8,0.21,20.60568632,-2.73445966881,-17.71825829,67,1838.31901677,-5778.78103113
"694",693,0.0040928433125,0.00442335985182404,76,14.8,-3276.8,-8,0.13,20.490013165,-2.848441159765,-19.4021951745,66.39,1838.32419138,-5778.77128233
"695",694,0.004611197,0.00440692276246678,77,14.8,-3276.8,-7,0.1,20.56479646,13.9375588953,-18.216540695,65.87,1838.32948257,-5778.76179981
"696",695,0.00413057125,0.00440640023133703,76,15.1,-3276.8,-8,0.15,20.575865275,24.292826205,-15.181840124,64.825,1838.33482734,-5778.75267933
"697",696,0.00419251721428571,0.00441779099657124,77,15.1,-3276.8,-8,0.13,20.409190255,11.415886561,-14.6469745595,62.52,1838.34008436,-5778.74402598
"698",697,0.004710957125,0.00443024460057417,77,15.1,-3276.8,-8,0.08,20.32438871,14.662344465,-14.4631458248,60.345,1838.34524136,-5778.73566963
