"Time","Perspiration","Speed","Acceleration","Braking","Steering","Phase","Activity","Failure","Distance","ppNormalized","ppLogNormalized","Subject","Speed_u","Speed_std","Acc_u","Acc_std","Steering_u","Steering_std","ppNext"
1,0.0063997265405809,0.004731127,1.26520325457143,0.00173376771428571,190.443769871429,0,0,0,1.45628720157143,0.00304183234800644,0.644941198165307,"01",0.00302258220833333,0.00152030332168997,1.18010250883929,0.0903377585952006,190.39008745,0.0194296677858766,0.491052314877928
2,0.00617362564576806,0.002874998125,1.262884846125,2.462836563875,190.3777022625,0,0,0,1.4554370155,0.0028157314531936,0.608972227574322,"01",0.0046112955,NA,1.08374567725,NA,190.4124808875,NA,0.51690875380868
3,0.00599723167845431,0.001581453,1.19367700314286,44.4294332471429,190.3800792,0,0,0,1.45544799385714,0.00263933748587985,0.579983913627551,"01",0.0037431468125,0.0012277476480189,1.1733152616875,0.126670521087635,190.395091575,0.0245922015778449,0.503756828985017
5,0.00550244306447531,0.352158817571429,6.34911645857143,0.0420158177142857,151.563225537143,0,0,0,1.49680876914286,0.00214454887190085,0.493878126449506,"01",0.00302617101071429,0.00161243885806822,1.21082678870357,0.0767123381252721,189.86777417,1.19824165907361,0.417216347127823
6,0.0051828198639843,1.600238269,17.596843555,0,26.731159006625,0,0,0,1.880062719875,0.00182492567140984,0.434035223855093,"01",0.0612149454375001,0.142540102367737,2.06720840034821,2.09881981476138,183.48368273119,15.6744495103757,0.391662420687261
7,0.00489089773846327,4.28628983785714,21.4631107271429,0,-35.09616516,0,0,0,3.12226774542857,0.00153300354588881,0.376061814801889,"01",0.281075420232143,0.596071974924996,4.28572770815561,6.17443648814707,161.090465056253,60.9502558737136,0.370476019103346
8,0.0048365626957981,7.400524105375,21.699716835,0,-56.930036455,0,0,0,5.7331918815,0.00147866850322364,0.364890223404802,"01",0.781727222435268,1.51979018808063,6.43290058552902,8.3402781054637,136.567136279221,89.4168782306343,0.378163031386906
9,0.00496667150335992,9.90171444614286,21.28554335,0,-56.9812940071429,0,0,0,9.62755456228571,0.00160877731078546,0.39143583936901,"01",7.400524105375,NA,21.699716835,NA,-56.930036455,NA,0.378483177977802
10,0.00483966050562698,11.985315185,26.45890667875,0,-37.7916578375,0,0,0,14.5413524,0.00148176631305252,0.365530516586595,"01",9.90171444614286,NA,21.28554335,NA,-56.9812940071429,NA,0.365530516586595
71,0.00532718063996952,2.1889547796,1.5630247736,39.204679274,3.0162417948,1,1,4,772.01122542,0.00196928644739506,0.461508077515416,"01",8.091258767,NA,0.979372623375,NA,2.9978453895,NA,0.461508077515416
1,0.00244743687650045,0,2.47360641885714,0,0,0,0,0,-9.11354793042857,-0.00139298532768985,-0.450540990664425,"02",0,0,2.46551869014286,0.0181547410928343,0,0,0.0983216904130917
3,0.0030967617019769,0,2.47371487171429,0,0,0,0,0,-9.11672901642857,-0.000743660502213395,-0.215225350072655,"02",0,NA,2.4731667275,NA,0,NA,0.0421940304457071
4,0.0032088965139068,0,2.470989835625,0,0,0,0,0,-9.11322261775,-0.000631525690283495,-0.179655191535943,"02",0.000282579807142857,0.000876475701934904,2.45089206972321,0.0268638551954229,-0.606754442907143,1.96951267875785,0.134525222023486
5,0.00322892702364048,0,2.47115368728571,0,0,0,0,0,-9.11335122214286,-0.000611495180549815,-0.173432413408749,"02",0,0,2.46686664492857,0.0165703829751833,0,0,0.127209199943487
6,0.00326389967916348,0,2.4734307355,0,0,0,0,0,-9.116611703,-0.000576522525026815,-0.162659603885074,"02",0,0,2.47344079960715,0.000387596490992358,0,0,0.0533861774247663
7,0.00349594787952827,0,2.47423094557143,0,0,0,0,0,-9.114276269,-0.000344474324662025,-0.0939777579174326,"02",0,0,2.47343744490476,0.000274133693658775,0,0,0.0632064402115772
8,0.00381231191459875,0,2.475968172375,0,0,0,0,0,-9.11322353125,-2.81102895915452e-05,-0.00734650253074065,"02",0.000297452428571429,0.000897896598094788,2.4495722748468,0.0269255778512729,-0.638688887270677,2.01815504750672,0.110879934597782
9,0.00409255782410664,0,2.47693602728571,0,0,0,0,0,-9.11334359285714,0.000252135619916345,0.0635878482824532,"02",0,0,2.46747907955102,0.0152131585517588,0,0,0.143911511796389
10,0.00444496853289634,0,2.476081464,0,0,0,0,0,-9.113229810625,0.000604546328706045,0.146190476622356,"02",0.000241615867346939,0.000886977244441083,2.45152068527423,0.0286461359417597,-0.768873784876275,2.33783804270573,0.137497166083685
11,0.00470647726050265,0,2.47453779242857,0.00773929928571429,0.00220142942857143,0,0,0,-9.11334359285714,0.000866055056312355,0.203357386129349,"02",0,0,2.46747907955102,0.0152131585517588,0,0,0.143911511796389
12,0.00475470578810942,0,2.462072685625,8.702316329,-1.316441395875,0,0,0,-9.113229810625,0.000914283583919125,0.213552505297849,"02",0.000241615867346939,0.000886977244441083,2.45152068527423,0.0286461359417597,-0.768873784876275,2.33783804270573,0.137497166083685
13,0.00472098283151474,0,2.43536417985714,38.6124390528571,-2.12944236442857,0,0,0,-9.11334359285714,0.000880560627324445,0.206434690516713,"02",0,0,2.46747907955102,0.0152131585517588,0,0,0.143911511796389
14,0.00466008140245056,0,2.429265650625,41.10139839375,-0.054414474,0,0,0,-9.113229810625,0.000819659198260264,0.193450602178488,"02",0.000241615867346939,0.000886977244441083,2.45152068527423,0.0286461359417597,-0.768873784876275,2.33783804270573,0.137497166083685
15,0.00458868239658562,0,2.42982139114286,40.2381777271429,-0.000162811571428571,0,0,0,-9.11334359285714,0.000748260192395325,0.178010609485935,"02",0,0,2.46747907955102,0.0152131585517588,0,0,0.143911511796389
16,0.00451391644104241,0,2.426987509375,39.91311535125,0,0,0,0,-9.113229810625,0.000673494236852114,0.161582853708088,"02",0.000241615867346939,0.000886977244441083,2.45152068527423,0.0286461359417597,-0.768873784876275,2.33783804270573,0.137497166083685
17,0.00444213797908322,3.05428571428571e-06,2.428796972,39.8731621942857,0,0,0,0,-9.11334359285714,0.000601715774892925,0.145553474277145,"02",0,0,2.46747907955102,0.0152131585517588,0,0,0.143911511796389
18,0.00438414706231857,0.002268974,2.426176318625,39.9850634975,0,0,0,0,-9.113229810625,0.000543724858128275,0.132412781527059,"02",0.000241615867346939,0.000886977244441083,2.45152068527423,0.0286461359417597,-0.768873784876275,2.33783804270573,0.137497166083685
19,0.00436910498308961,5.66858571428571e-05,2.40936312614286,40.32200854,0.0114655454285714,0,0,0,-9.11334359285714,0.000528682778899315,0.128975866055155,"02",0,0,2.46747907955102,0.0152131585517588,0,0,0.143911511796389
20,0.00447094959714363,0.003322882,2.394116548125,38.37345510125,-8.648294787125,0,0,0,-9.1132711185,0.000630527392953334,0.152018510667727,"02",4.5953956043956e-06,1.56739844736249e-05,2.45593638813187,0.0243568946139506,-0.162764477010989,0.590921705209868,0.138707278132355
21,0.00455648859574903,0.249849857857143,3.35028560185714,2.98957180471429,-130.232707195714,0,0,0,-9.08460422342857,0.000716066391558735,0.170969968441978,"02",0.00026912362585034,0.000856505468980022,2.45184910619473,0.0265484024966959,-0.577861374197279,1.92420429788717,0.213070325413343
22,0.00459902685746669,1.11413097775,14.53794368125,0.001000295,-294.4855685625,0,0,0,-8.7945837505,0.000758604653276394,0.180262414531334,"02",0.0116137024545455,0.053217356020555,2.49268712872484,0.193291553825888,-6.47126345699349,27.706215694396,0.228780626494068
23,0.00484192928344321,2.83016804557143,16.6055377642857,0,-318.2818255,0,0,0,-7.95127796685714,0.00100150707925291,0.23173093863597,"02",0.0595492361630435,0.235697072042694,3.01639393535637,2.51869930982026,-18.9936245485373,65.8738266990695,0.24495336381498
24,0.00502738664669164,4.72078402025,18.4690924125,0,-136.62220717,0,0,0,-6.29541347675,0.00118696444250135,0.269317980044092,"02",0.17499168655506,0.610724800242416,3.58260826156175,3.70977017206142,-31.4639662548482,88.7858057745352,0.251564576404485
25,0.00485201211388439,6.74733955971429,19.0307702857143,0,59.7960757402857,0,0,0,-3.83248435442857,0.00101158990969409,0.233811172764877,"02",2.88836101452381,1.80403058689986,16.5375246193452,1.96645669357747,-249.796533744167,98.7313861327591,0.197238362793439
26,0.00450977771991607,8.4998959765,19.65393309,0,131.07216495,0,0,0,-0.440188995375,0.000669355515725775,0.160665552822,"02",6.74733955971429,NA,19.0307702857143,NA,59.7960757402857,NA,0.129131959787466
27,0.00423414186688696,10.160667095,19.8198095814286,0,89.4421499114286,0,0,0,3.76139374571429,0.000393719662696665,0.0975983667529308,"02",8.4998959765,NA,19.65393309,NA,131.07216495,NA,0.083540248255475
28,0.00411675174531066,11.91868397125,19.9577960675,0,29.373835709,0,0,0,8.755439761,0.000276329541120364,0.0694821297580193,"02",10.160667095,NA,19.8198095814286,NA,89.4421499114286,NA,0.0694821297580193
95,0.00386869414451303,7.56234421714286,2.88863762471429,34.1362692414286,2.99821017985714,1,2,4,844.889051585714,2.82719403227345e-05,0.0073347099870027,"02",13.2890331325,NA,2.882284507875,NA,2.998074051,NA,0.0276798585126281
96,0.00402935904668849,2.45052808866667,2.69689045933333,32.07765508,2.99283242933333,1,2,4,848.7248029,0.000188936842498194,0.0480250070382535,"02",7.56234421714286,NA,2.88863762471429,NA,2.99821017985714,NA,0.0480250070382535
1,0.00466422262301951,0,1.75082251657143,0.00583113128571429,-55.4836179971429,0,0,0,-10.2219496971429,0.00105320492285318,0.255931529845468,"03",0.00633788299234694,0.0167574512753913,1.66084757637755,0.0772693591003483,-56.1473454596939,2.10081327595168,0.249292757101248
2,0.00444579019865208,0,1.758487166,16.329133637125,-55.46436994625,0,0,0,-10.227030135,0.000834772498485747,0.207967976422885,"03",0,0,1.62197847613095,0.0672382840897779,-55.4646861120833,0.000350144978042975,0.241930589185358
4,0.00434182689467521,0,1.60193529325,58.6391674875,-55.46436994625,0,0,0,-10.23279240125,0.000730809194508877,0.184305554334117,"03",0,0,1.63200006757143,0.0918660977982441,-55.464844195,0.000308645038919025,0.236691949653427
5,0.00439710161846341,0,1.56704092685714,58.6713197285714,-55.46462595,0,0,0,-10.2329011514286,0.000786083918297077,0.196955951824925,"03",0,NA,1.69695920828571,NA,-55.46506244,NA,0.233380616501052
6,0.00443495722647966,2.4976375e-05,1.57566117025,47.36561463,-55.6204683125,0,0,0,-10.22319390125,0.000823939526313327,0.205528322014771,"03",0.00886804091428572,0.0198295423115923,1.66663667630714,0.0794292002259301,-56.5438922967857,2.41335514939003,0.247599285063868
7,0.00454729833753594,0.0443402045714286,1.70876078714286,23.7154087807143,-60.8610332014286,0,0,0,-10.2252055428571,0.000936280637369607,0.23054363491975,"03",0,0,1.65610564859821,0.0875936460823477,-55.464607070625,0.000326687229074683,0.245704212825633
8,0.00466539504268257,0.703638318625,1.81419222675,0.0246505045,-148.90295954125,0,0,0,-10.06945203375,0.00105437734251624,0.256182862683771,"03",0.00554564761830357,0.0156753706048888,1.67209444390179,0.0782914671182555,-56.064379526875,1.95908017406731,0.247965002552404
9,0.00469971540596954,1.42760581814286,1.81195966714286,5.04261442485714,-199.916906142857,0,0,0,-9.57808741014286,0.00108869770580321,0.263512304527504,"03",0.083111499952381,0.233159077933838,1.68788308644048,0.0872174907602753,-66.37977730625,31.0004052853827,0.251639807145491
10,0.00462207374871044,1.542808390625,1.849404396375,5.566681658875,-200.8044935625,0,0,0,-8.904517716875,0.00101105604854411,0.246853817665498,"03",0.217560931771429,0.478632742468411,1.70029074451071,0.0911108138764521,-79.7334901899107,51.3562171103796,0.248671682799988
11,0.00453650593437564,2.16473422071429,8.86648665628571,0.00367919042857143,-166.026633257143,0,0,0,-8.08801289514286,0.000925488234209307,0.228167448098087,"03",0.33803797348539,0.604848960756462,1.71384653104383,0.097429026468257,-90.7399450419643,60.8792038779486,0.249277637844818
12,0.00461401416534399,3.24833986325,18.79796585125,0,-85.70621535625,0,0,0,-6.92608250625,0.00100299646517766,0.245108579787162,"03",0.490262660754465,0.781442347547839,2.30989987481399,2.06687796732108,-97.0138357265625,61.9813165534365,0.259832732718184
13,0.00475190949548812,5.77866693557143,20.1614064528571,0,31.8295627732857,0,0,0,-4.968708542,0.00114089179532179,0.274556885649205,"03",2.09587207318304,0.83374321128561,7.83145414276339,8.02817754883207,-163.113562079687,54.0847352485631,0.267444135341438
14,0.0046847897405563,8.30710670275,22.5244709675,0,132.078144875,0,0,0,-1.776684982875,0.00107377204038997,0.260331385033671,"03",5.77866693557143,NA,20.1614064528571,NA,31.8295627732857,NA,0.234911682470188
15,0.00445257076404583,10.5191901834286,23.8793336185714,0,47.5575835714286,0,0,0,2.48448225785714,0.000841553063879497,0.209491979906705,"03",8.30710670275,NA,22.5244709675,NA,132.078144875,NA,0.209491979906705
80,0.00442607998859628,5.13264736125,1.546181497875,29.89161170125,-0.00264469675,1,2,4,791.5764085375,0.000815062288429947,0.203524664781999,"03",10.5456265235714,NA,1.61910362371429,NA,0.694116926714286,NA,0.195687754686916
81,0.00435724725028674,1.36981049266667,1.53851729033333,34.1045056233333,0,1,2,4,793.358064166667,0.000746229550120407,0.187850844591834,"03",5.13264736125,NA,1.546181497875,NA,-0.00264469675,NA,0.187850844591834
1,0.00482831073428957,0.00102758028571429,1.43228574328571,0,1.49955724314286,0,0,0,-9.964419931,0.000948683058368953,0.218757467755158,"04",8.43727142857142e-05,0.000137077722061506,1.70540760761309,0.446907685321775,-1.77499057474405,2.89423797051302,0.238968598208254
2,0.0048910231636464,0.001924650625,1.44148819325,0,1.499819240875,0,0,0,-9.964096476375,0.00101139548772578,0.231662322972988,"04",0.00106941652083333,0.00200322956809628,1.76550353578274,0.506503834640053,-16.3264961562173,38.9032552964281,0.252188791696326
3,0.00479181341460603,5.55835714285714e-05,1.46120148457143,0.00200750157142857,1.44932826128571,0,0,0,-9.96421266114286,0.000912185738685413,0.211169729080045,"04",0.000320174607142858,0.000484703000427852,1.63712714153125,0.389615033496562,-0.956353620272322,2.87490431253167,0.241855902558696
5,0.00482624977657422,0.000242653857142857,2.22034371885714,60.5053953471429,-4.06445432871429,0,0,0,-9.96760630542857,0.000946622100653603,0.218330528030322,"04",4.45e-06,NA,1.477215484125,NA,-2.738665731375,NA,0.232897295476697
6,0.0048385583978306,0.005080217125,2.583311164,48.7364095025,-95.5828907175,0,0,0,-9.964116238,0.000958930721909983,0.220877630349197,"04",0.000267256400000001,0.000436124331130348,1.60194201013928,0.346467708596695,-0.475217243960716,2.71224393587878,0.246970264805138
7,0.0049225139796458,0.470897557428571,11.5092867002857,0.0777005977142857,-278.278646214286,0,0,0,-9.90476536871429,0.00104288630372518,0.238080176798153,"04",0.00119159282142857,0.00185703973868878,1.71921562970663,0.47831625224664,-13.7798796709184,36.1471462572763,0.257320408877161
8,0.00509172206506516,2.1110258935,17.5201391225,0.000386858375,-401.2699437875,0,0,0,-9.36481703875,0.00121209438914454,0.271876901187138,"04",0.0599048383973214,0.166075036017988,2.94297451352901,3.48952562768914,-46.8422254888393,99.3222352535726,0.263733819570164
9,0.00511934734786463,4.46642814171429,17.9364500142857,0,-276.724150885714,0,0,0,-7.93401790314286,0.00123971967194401,0.277287764347693,"04",0.287807177853175,0.701133788841251,4.56265947008135,5.85364029423992,-86.2230830775794,150.29790621834,0.259662278761676
10,0.00494202906085806,6.64617773475,20.86067792,0,39.301862008125,0,0,0,-5.56744663525,0.00106240138493744,0.24203679317566,"04",0.705669274239286,1.47751648091943,5.90003852450178,6.95296326694213,-105.273189858393,153.975927433613,0.2220259104403
11,0.00474814597897609,8.74991304257143,21.1872975314286,0,148.796332614286,0,0,0,-2.23392916385714,0.000868518303055473,0.202015027704939,"04",6.64617773475,NA,20.86067792,NA,39.301862008125,NA,0.18272225036895
12,0.00456842572903358,10.754136914375,20.461037385,0,114.56184382125,0,0,0,2.175881349,0.000688798053112963,0.163429473032961,"04",8.74991304257143,NA,21.1872975314286,NA,148.796332614286,NA,0.163429473032961
82,0.00440677005532197,2.54281754166667,2.81224349783333,42.388909145,3.03510198133333,1,1,4,837.125280766667,0.000527142379401353,0.127402815053789,"04",8.26208678414286,NA,2.93822327728571,NA,2.99939578471429,NA,0.127402815053789
1,0.00585353869190693,0.00979053942857143,1.60779382371429,0,5.99822897257143,0,0,0,-10.7929222614286,0.00217390264746977,0.464232526547628,"05",0.00540562157142857,NA,1.58704364685714,NA,5.91259334271429,NA,0.325819425735562
2,0.00551014938628437,0.01092689825,1.622325085875,0,5.996148102375,0,0,0,-10.79257191375,0.00183051334184721,0.40377787929572,"05",0.00481247305714286,0.00351500001893682,1.49823377522857,0.164076737374042,5.98939478251429,0.0474853243845601,0.332314794046849
3,0.00510890650934454,0.00508124914285714,1.63439384671429,0,5.99622296657143,0,0,0,-10.7927066628571,0.00142927046490738,0.328171537048283,"05",0.005065387,0.00490412940778476,1.48142020338095,0.201183052646292,5.98484265980953,0.0665733072230663,0.31647835132975
4,0.00471001723811846,0.00137701275,1.64181625975,0.123498159875,5.996148102375,0,0,0,-10.79257191375,0.0010303811936813,0.246877715652481,"05",0.00481247305714286,0.00351500001893682,1.49823377522857,0.164076737374042,5.98939478251429,0.0474853243845601,0.332314794046849
5,0.0043969339770383,0.00378495514285714,1.41251441928571,60.8953230985714,5.99622296657143,0,0,0,-10.7927066628571,0.000717297932601135,0.178093623874426,"05",0.005065387,0.00490412940778476,1.48142020338095,0.201183052646292,5.98484265980953,0.0665733072230663,0.31647835132975
6,0.00452802148961755,3.566475e-05,1.238865488875,72.792785755,5.996148102375,0,0,0,-10.79257191375,0.000848385445180385,0.207471235416337,"05",0.00481247305714286,0.00351500001893682,1.49823377522857,0.164076737374042,5.98939478251429,0.0474853243845601,0.332314794046849
7,0.00487261581854503,0,1.24942313957143,72.4538700428571,6.04370566414286,0,0,0,-10.7927263657143,0.00119297977410787,0.280817068981607,"05",0.0075980805,0.0031006051517317,1.59741873528571,0.0146725907665108,5.95541115764286,0.0605535345831646,0.313236416570828
8,0.00500156058097811,0.1702158155,2.02883032875,18.530393084625,-46.8968860605,0,0,0,-10.78007815625,0.00132192453654095,0.306936126427099,"05",0.00455024262946428,0.00415550001665759,1.49927196383036,0.173601584715422,5.99192727746205,0.0360652937041518,0.360078304402052
9,0.0050321146622441,1.02562831471429,7.99680862314286,0.021252762,-296.4869478,0,0,0,-10.5259501742857,0.00135247861780694,0.313026452127121,"05",0.0229575285039683,0.0553584972450599,1.55811178215476,0.239852953750383,0.115392462132938,17.6296367245389,0.37336384889579
10,0.00536680549740803,2.25464965175,16.73580272875,0,-416.4139497625,0,0,0,-9.8428024765,0.00168716945297087,0.377418997204754,"05",0.123224607125,0.321339270468234,2.20198146625357,2.04861391689648,-29.5448415640804,95.2552629939332,0.393476314485346
11,0.00560061751945182,4.49201767328571,16.7892449728571,0,-256.571640071429,0,0,0,-8.36505423657143,0.00192098147501466,0.420063007349269,"05",0.316990520272728,0.711287954451817,3.52323794466234,4.79375036704668,-64.7147604912094,147.554612892949,0.401504973125641
12,0.00539655503695359,6.280088015375,16.064354385,0,65.46717857125,0,0,0,-6.032219455125,0.00171691899251643,0.382946938902014,"05",0.664909449690476,1.38293450487498,4.62873853034523,5.96292934225797,-80.702833789561,151.196824836977,0.364139921111091
13,0.00519733896745703,7.709626065,18.8325374971429,0,216.961401028571,0,0,0,-2.94595292471429,0.00151770292301987,0.345332903320168,"05",6.280088015375,NA,16.064354385,NA,65.46717857125,NA,0.333123966096803
14,0.00507196787162201,9.617050392875,20.90465874625,0,109.17126201,0,0,0,0.95654160225,0.00139233182718485,0.320915028873437,"05",7.709626065,NA,18.8325374971429,NA,216.961401028571,NA,0.3178098406671
15,0.00504056664899686,11.7795265042857,21.7370024342857,0,5.75248461814286,0,0,0,5.703831061,0.0013609306045597,0.314704652460763,"05",9.617050392875,NA,20.90465874625,NA,109.17126201,NA,0.314704652460763
79,0.00486846755805975,0.5036307006,3.8412823404,44.89055731,22.478727896,1,3,4,764.3597528,0.00118883151362259,0.279965364814731,"05",6.746974006375,NA,1.486717142875,NA,9.924138123625,NA,0.279965364814731
1,0.00783736265639191,0,2.584097579,0.00157440271428571,-7.49778621585714,0,0,0,-13.9165999728571,0.00303918944150799,0.490667108575993,"06",0,NA,2.54882324442857,NA,-7.39074167857143,NA,0.391937201421887
2,0.0075378733156564,0,2.580453205875,17.312636254,-7.495185127875,0,0,0,-13.9161482275,0.00273970010077248,0.451704815791572,"06",0.000417272457142857,0.00063401143160693,2.44628787451429,0.126755620157025,-7.47267722831429,0.0460995051059343,0.365438673015961
3,0.00749548691903297,0,2.46064146571429,60.4248237557143,-7.49527870814286,0,0,0,-13.9163219757143,0.00269731370414905,0.446065822550471,"06",0.00047725819047619,0.000826635434233146,2.49480874371429,0.125351323293415,-7.45760957509524,0.058300519648528,0.384285601627632
4,0.00736841519295221,3.2625e-06,2.34890266775,61.3893905125,-7.495185127875,0,0,0,-13.9161482275,0.00257024197806829,0.42896737568823,"06",0.000417272457142857,0.00063401143160693,2.44628787451429,0.126755620157025,-7.47267722831429,0.0460995051059343,0.365438673015961
5,0.00741735277739039,0.000654587714285714,2.28637167571429,61.4625777557143,-7.49527870814286,0,0,0,-13.9163219757143,0.00261917956250647,0.435586952374823,"06",0.00047725819047619,0.000826635434233146,2.49480874371429,0.125351323293415,-7.45760957509524,0.058300519648528,0.384285601627632
6,0.0072349191108982,0.0017080285,2.257314556375,61.5480548875,-7.495185127875,0,0,0,-13.91614813375,0.00243674589601428,0.410683907510206,"06",0.000298517826530612,0.000555980199541553,2.45154217802806,0.123530636998355,-7.4791080567602,0.0392096495092148,0.327989961653991
7,0.00683909466587158,0.00143177457142857,2.35150540771429,50.0431357084286,-7.48430083085714,0,0,0,-13.9164867185714,0.00204092145098766,0.354420092621818,"06",0,0,2.56646041171429,0.0249427211773012,-7.44426394721429,0.0756919182037013,0.380967211738098
8,0.00660176606112946,0.479052903875,8.236473051,0.09856207075,-14.928333178,0,0,0,-13.8352868675,0.00180359284624554,0.319101927321414,"06",0.000474706660714286,0.000716446009329554,2.42726372532143,0.133399364182302,-7.48111769064955,0.0367434014999179,0.300425313035253
9,0.00651775985101988,2.02104792314286,21.04708309,0,-128.35628808,0,0,0,-13.3482912957143,0.00171958663613596,0.306295465028259,"06",0.053650061906746,0.159527473442347,3.0727314281746,1.94041953335038,-8.30858607813294,2.48264308921333,0.272634695097084
10,0.00632249442015037,5.198486568625,22.6777430875,0,-146.67150220625,0,0,0,-11.71513011,0.00152432120526645,0.275878546756084,"06",0.250389848030357,0.640067793997895,4.87016659435714,5.97114738294753,-20.3133562783196,38.0345074519377,0.255804310131496
11,0.00607368401749512,7.95830521971429,20.4882561171429,0,-26.6955331234286,0,0,0,-8.76019438942857,0.0012755108026112,0.235730073506907,"06",3.60976724588393,2.24678841302462,21.86241308875,1.15305074204189,-137.513895143125,12.950812107555,0.252419895914306
12,0.00627984305220869,9.5529071635,18.7539978475,0,76.829394035,0,0,0,-4.84481581525,0.00148166983732477,0.269109718321704,"06",7.95830521971429,NA,20.4882561171429,NA,-26.6955331234286,NA,0.297847041218554
13,0.00665134862703576,11.06149063,23.2670298085714,0,132.526544435714,0,0,0,-0.216762827,0.00185317541215184,0.326584364115405,"06",9.5529071635,NA,18.7539978475,NA,76.829394035,NA,0.326584364115405
69,0.00758241306365007,5.83067372514286,0.61523973,34.9188256042857,13.5123542014286,1,3,4,778.594610785714,0.00278423984876615,0.457596222225738,"06",11.747908407,NA,1.613328740625,NA,6.875046596,NA,0.475710470028712
70,0.0078621490979259,1.97532978833333,2.25603511333333,34.2060179566667,13.6585257266667,1,3,4,781.649231766667,0.00306397588304198,0.493824717831687,"06",5.83067372514286,NA,0.61523973,NA,13.5123542014286,NA,0.493824717831687
1,0.00776436928287868,0.00719155342857143,2.453873892,0,-11.9964579442857,0,0,0,-8.90080207371429,0.00144978840306315,0.206683840093274,"07",0.00635136157142857,NA,2.41486645857143,NA,-11.8251866828571,NA,0.242925242759589
2,0.00749598941423818,0.003348881,2.374004148,0,-11.99229620375,0,0,0,-8.900513145,0.00118140853442265,0.171506745643215,"07",0.00274050705714286,0.00369179479381472,2.37059093351429,0.111628687003528,-11.9583765734286,0.0745629773719111,0.265978937159962
3,0.00737944468603198,9.3881e-05,2.22707789871429,0,-11.9924459314286,0,0,0,-8.90062427142857,0.00106486380621645,0.155837003093004,"07",0.00452738095238095,0.00390949091876727,2.44928917976191,0.0323747594485729,-11.9356636680952,0.0958370488463222,0.247013750077268
4,0.00736161499756525,0.0016055725,2.230666956,0.000350152875,-11.99229620375,0,0,0,-8.900513145,0.00104703411774972,0.153417950826452,"07",0.00274050705714286,0.00369179479381472,2.37059093351429,0.111628687003528,-11.9583765734286,0.0745629773719111,0.265978937159962
5,0.00760898957953903,2.65114285714286e-05,2.27800922957143,0.143620823714286,-11.9924459314286,0,0,0,-8.90062427142857,0.0012944086997235,0.186469000399978,"07",0.00452738095238095,0.00390949091876727,2.44928917976191,0.0323747594485729,-11.9356636680952,0.0958370488463222,0.247013750077268
6,0.00784139930152946,3.8875e-21,2.346616338375,39.98884084875,-11.99229620375,0,0,0,-8.900513145,0.00152681842171393,0.216555913082706,"07",0.00274050705714286,0.00369179479381472,2.37059093351429,0.111628687003528,-11.9583765734286,0.0745629773719111,0.265978937159962
7,0.00801362293414859,3.92278571428572e-05,2.47912718871429,44.9118323957143,-11.9853463771429,0,0,0,-8.90063005414286,0.00169904205433306,0.23828157224911,"07",0.0067714575,0.000594105359683435,2.43437017528572,0.0275824206940245,-11.9108223135714,0.121107070378537,0.246219915729254
8,0.00834596049305966,0.0467852855,3.295691428,26.063473329875,-14.13106077,0,0,0,-8.89944378775,0.00203137961324413,0.27891626005799,"07",0.00233212359821429,0.00298452563916739,2.3505302637433,0.0976799160552177,-11.9710964347991,0.0590348751107553,0.317270177545465
9,0.0086182212138021,0.681729946714286,3.72657134985714,0.00350234114285714,-67.4730242957143,0,0,0,-8.7650772,0.00230364033398657,0.311017318832942,"07",0.00727136380952381,0.0150784221294751,2.45554817088294,0.328035886192931,-12.2110924720437,0.722102733658571,0.326858656917334
10,0.00851572282372706,1.481185048625,13.18749483825,0,-62.78078543125,0,0,0,-8.26739725825,0.00220114194391153,0.299052810093213,"07",0.0747172221,0.213755782913281,2.58265048878036,0.507150018390764,-17.7372856544107,17.4886136190865,0.332139102945464
11,0.00885153194220554,3.44337614928571,23.5879094871429,0,-44.2258261614286,0,0,0,-7.28015477071429,0.00253695106239001,0.337729155706985,"07",0.202577933602273,0.470057824379644,3.54672724782305,3.23347568378476,-21.832149270487,21.4409289458934,0.34868224937159
12,0.00904757469621545,7.4540477025,23.1018807075,0,34.2250970815,0,0,0,-4.771937536875,0.00273299381639992,0.359635343036194,"07",0.472644451575893,1.03735176675196,5.21682576776637,6.55557976584624,-23.6982890113988,21.4408729786085,0.340111546559923
13,0.00870109725554696,10.3768098117143,22.7061182371429,0,46.9167825628571,0,0,0,-0.694927084857143,0.00238651637573143,0.320587750083652,"07",7.4540477025,NA,23.1018807075,NA,34.2250970815,NA,0.320587750083652
79,0.00933888826367236,3.60028350814286,2.13751161414286,43.4390134642857,5.98667842642857,1,1,4,797.312966671429,0.00302430738385683,0.39132582583438,"07",9.4829721825,NA,13.5255863135,NA,5.996783658875,NA,0.39132582583438
1,0.00428543842804742,4.95734285714286e-05,1.98571846242857,0.000662220142857143,622.316255914286,0,0,0,-0.515014963,0.000453103834522615,0.111748689052534,"09",0.00198520321428572,0.00118118197694662,1.99660675235714,0.0462053868332589,616.280751878571,4.02936674602238,0.0496874050985657
2,0.00410865678458983,0,1.99583041975,3.73274060975,622.100365625,0,0,0,-0.514998245,0.000276322191065025,0.0696219850008006,"09",0.00201172367346939,0.002426156754748,2.02850821636735,0.0465466782498695,618.649996548979,3.04819269830766,0.0673726152969405
3,0.00395116259743298,0,2.03411070657143,40.5144790257143,622.105649514286,0,0,0,-0.515004675,0.000118828003908175,0.0305356913513801,"09",0.00133999328571429,0.00139516414343016,1.99297732238095,0.0332714167426304,618.292586557143,4.50114813227539,0.0449134601790296
4,0.00399330103118861,2.3732e-05,2.021151415375,41.9188811725,619.77588105,0,0,0,-0.514998245,0.000160966437663805,0.0411440419819611,"09",0.00201172367346939,0.002426156754748,2.02850821636735,0.0465466782498695,618.649996548979,3.04819269830766,0.0673726152969405
5,0.00401492510314944,0.00656555842857143,2.07701765257143,41.6615579657143,617.299508628571,0,0,0,-0.515004675,0.000182590509624635,0.0465445198440513,"09",0.00133999328571429,0.00139516414343016,1.99297732238095,0.0332714167426304,618.292586557143,4.50114813227539,0.0449134601790296
6,0.00386409242676685,0.01003830825,2.093173823375,41.67380535,617.6026562875,0,0,0,-0.514998245,3.17578332420451e-05,0.00825266388563062,"09",0.00201172367346939,0.002426156754748,2.02850821636735,0.0465466782498695,618.649996548979,3.04819269830766,0.0673726152969405
7,0.00366855788188995,0.000143969,2.09497659285714,41.9513399285714,617.610965542857,0,0,0,-0.515004675,-0.000163776711634855,-0.0436755336415251,"09",0.00133999328571429,0.00139516414343016,1.99297732238095,0.0332714167426304,618.292586557143,4.50114813227539,0.0449134601790296
8,0.00354888950813289,0.001570212125,2.103792612125,42.1919067375,617.6013311375,0,0,0,-0.514998245,-0.000283445085391915,-0.0768394299105744,"09",0.00201172367346939,0.002426156754748,2.02850821636735,0.0465466782498695,618.649996548979,3.04819269830766,0.0673726152969405
9,0.00362404547914929,0.00335255842857143,2.01452059542857,42.0446317314286,618.656092485714,0,0,0,-0.515004675,-0.000208289114375515,-0.0558832328989851,"09",0.00133999328571429,0.00139516414343016,1.99297732238095,0.0332714167426304,618.292586557143,4.50114813227539,0.0449134601790296
10,0.00381066373055296,0.00828237825,1.99890346,42.0131161575,619.103254725,0,0,0,-0.514998245,-2.16708629718451e-05,-0.00567079032596851,"09",0.00201172367346939,0.002426156754748,2.02850821636735,0.0465466782498695,618.649996548979,3.04819269830766,0.0673726152969405
12,0.0043084089551216,0.157034574375,3.06203411425,6.327561335875,604.5402609625,0,0,0,-0.49729514425,0.000476074361596795,0.117094509200207,"09",0.00283305802827381,0.00355685742788168,2.0343674370997,0.0471317085043551,618.894455388988,2.5335292896323,0.142461266760154
13,0.00451949941576551,0.803806215571429,14.0718512628571,0.0240367832857143,371.519212228571,0,0,0,-0.307149644,0.000687164822240705,0.164927063084369,"09",0.0146947131318681,0.0429031720104106,2.11341871995742,0.288573475270772,617.790286586951,4.66190162599074,0.150916852613469
14,0.00452673449321145,2.5256964035,19.46685579875,0,134.02424071375,0,0,0,0.401581494,0.000694399899686645,0.166526641185366,"09",0.0710598204489796,0.214889380269675,2.96759247302168,3.20802869597642,600.199495561352,65.9709370639174,0.116314559181202
15,0.00432655246960729,4.86637991571429,21.4361198857143,0,-7.19841014542857,0,0,0,2.00579754357143,0.000494217876082485,0.121296853570672,"09",0.234702259319048,0.66675465784688,4.06754336140357,5.26352771725015,569.121145238178,136.122200701183,0.0912085181791205
16,0.00407387386465857,7.30789832525,22.467791435,0,-19.8338818675,0,0,0,4.72009141125,0.000241539271133765,0.0611201827875689,"09",3.69603815960714,1.65511318409827,20.4514878422322,1.39247998983959,63.4129152841607,99.8594940796654,0.0308612130806525
17,0.00383464328682776,9.31969730885714,25.3943640242857,0,-31.9654177471429,0,0,0,8.42031371471429,2.30869330295489e-06,0.000602243373736044,"09",7.30789832525,NA,22.467791435,NA,-19.8338818675,NA,-0.0155968006436686
18,0.00371239910416697,11.6688383725,24.93685857625,0,-35.98996875,0,0,0,13.09390209875,-0.000119935489357835,-0.0317958446610733,"09",9.31969730885714,NA,25.3943640242857,NA,-31.9654177471429,NA,-0.0317958446610733
89,0.00794336380763549,5.813743611,1.869941944,40.8582672657143,3.00031291314286,1,3,4,917.7400948,0.00411102921411068,0.728862653458443,"09",11.83035396675,NA,1.927202089375,NA,2.998074051,NA,0.735504647948751
90,0.00804958734032131,2.04640066366667,1.72356205566667,40.6075109766667,2.98266696166667,1,3,4,920.9621461,0.0042172527467965,0.742146642439059,"09",5.813743611,NA,1.869941944,NA,3.00031291314286,NA,0.742146642439059
1,0.00553810327038191,0,1.66849886085714,38.7372586485714,33.3684478892857,0,0,0,-12.3043792185714,0.0008551255811745,0.167717902892177,"12",0,NA,1.648225858,NA,-2.95586739128571,NA,0.0900820099902921
2,0.00530881180084707,0,1.659312086875,35.62623355125,66.6568950625,0,0,0,-12.3040064775,0.00062583411163966,0.125433875397619,"12",0,0,1.65836235942857,0.014335177795298,15.206290249,25.6851696568502,0.0745548314099151
3,0.00527335073809464,0.157732364714286,2.01108015742857,12.4824700085714,56.4889676242857,0,0,0,-12.29264282,0.000590373048887229,0.118731805818265,"12",0,0,1.65867893524405,0.0101513211924476,32.3564918535,34.8174125313121,0.0618350704129891
4,0.00514383496332772,0.87892992225,9.917426486,0.015188853375,211.34328815,0,0,0,-12.05294194,0.000460857274120309,0.0938647351923629,"12",0.0394330911785715,0.078866182357143,1.74677924079018,0.176395450330372,38.3896107961964,30.8830413057167,0.0305943218799034
5,0.00490554670642128,2.30581100285714,16.6652687057143,0,290.264473914286,0,0,0,-11.3909141571429,0.00022256901721387,0.0464323788620815,"12",0.207332457392857,0.381596504066123,3.38090868983214,3.65721640011962,72.9803462669571,81.8408002298283,0.00950418410908357
6,0.00462855871744808,4.65314450975,17.31277288,0,205.5624270125,0,0,0,-9.8233393275,-5.44189717593306e-05,-0.0116886382207531,"12",0.557078881636904,0.922186576112107,5.59496869247917,6.33344737167455,109.194367541512,115.00897915837,-0.00895991326741541
7,0.00465388789883722,7.03192873257143,17.0683439557143,0,28.4965067298571,0,0,0,-7.28065451328571,-2.90897903701907e-05,-0.00623118831407776,"12",2.61262847828571,1.90572208376398,14.6318226905714,4.09560301960377,235.723396358929,47.322314446225,0.0243748285926548
8,0.00494766136102876,8.58915056525,17.3184982725,0,-104.508603835,0,0,0,-3.87917366875,0.000264683671821349,0.0549808454993874,"12",7.03192873257143,NA,17.0683439557143,NA,28.4965067298571,NA,0.0775589203532334
9,0.0051761998286369,9.80448003485714,18.9461791785714,0,-169.085089485714,0,0,0,0.166493858857143,0.000493222139429489,0.100136995207079,"12",8.58915056525,NA,17.3184982725,NA,-104.508603835,NA,0.0865448587130424
10,0.005037383949574,11.2171729625,22.33225482375,0,-46.3778940995,0,0,0,4.85095877475,0.000354406260366589,0.0729527222190054,"12",9.80448003485714,NA,18.9461791785714,NA,-169.085089485714,NA,0.0729527222190054
84,0.004376741424273,6.127373579625,3.648622563375,36.5590219875,2.9978453895,1,2,4,1044.356103125,-0.00030623626493441,-0.0676296840399822,"12",11.3883545804286,NA,4.83383029914286,NA,2.99811148314286,NA,-0.0401105885743189
85,0.00462438168640599,1.9137256904,3.7106080118,36.736032868,3.0162417948,1,2,4,1047.0790692,-5.85960028014207e-05,-0.0125914931086557,"12",6.127373579625,NA,3.648622563375,NA,2.9978453895,NA,-0.0125914931086557
1,0.00514428803993588,0,2.12839869228571,0,-5.75528814071429,0,0,0,-3.828894881,-6.36601489018718e-05,-0.0122989755497747,"13",0,NA,2.09350630428571,NA,-5.91246267885714,NA,-0.0418369337202608
2,0.00519895692031244,0,2.139518987125,0.002203736125,-4.49904005625,0,0,0,-3.8177201455,-8.99126852531122e-06,-0.00172794322526837,"13",5.14854166666667e-06,8.91753575155201e-06,2.13785386044047,0.0497535882367376,-5.38860507706548,0.775224461986643,-0.0596822821742962
3,0.00540492966104153,0,2.14608323914286,13.3421939872857,-4.497167225,0,0,0,-3.81760838785714,0.000196981472203778,0.0371254801464236,"13",3.86140625e-06,7.7228125e-06,2.13827014211161,0.0406321652963852,-5.16621382186161,0.773614972627165,-0.0712731499641018
4,0.00539721541123682,1.5445625e-05,2.19165658475,30.44304122125,-4.498064411625,0,0,0,-3.82206952325,0.000189267222399069,0.035697198833466,"13",0,0,2.11095249828571,0.024672644166592,-5.83387540978572,0.111139181750673,-0.0460566420303302
5,0.00515992006056488,0.169524658857143,2.18825130314286,10.0289674834286,-4.50759401942857,0,0,0,-3.80628855828571,-4.80281282728718e-05,-0.00926486906333146,"13",3.089125e-06,6.90749349099404e-06,2.13983276151786,0.0353615404012402,-5.03240450248929,0.733747070971406,-0.0983728074917332
6,0.00480910901700927,0.98826201375,10.89537151075,0.007366570125,19.491231530875,0,0,0,-3.546950833625,-0.000398839171828482,-0.0796741234740432,"13",0.0282566840803572,0.0692068913156708,2.14790251845536,0.0372971405582368,-4.94493608864583,0.690371024775106,-0.128075453634534
7,0.00462101634022407,2.60092426342857,20.7927704371429,0,55.5643021842857,0,0,0,-2.81797340214286,-0.000586931848613682,-0.119571286076564,"13",0.165400302604592,0.368306846100859,3.39754094592602,3.30640781308925,-1.45405500014286,9.2574797980704,-0.152276118714779
8,0.00432843048289438,5.6113107495,22.66647830875,0,46.07331148875,0,0,0,-0.96005231125,-0.000879517705943371,-0.184980951352994,"13",0.469840797707589,0.926144422599708,5.57194463232813,6.86984875773773,5.67323964791071,21.9053549137445,-0.230058652730503
9,0.00395527288490777,8.499030631,24.4811268957143,0,9.50614648728571,0,0,0,2.23237715614286,-0.00125267530392998,-0.275136354108011,"13",5.6113107495,NA,22.66647830875,NA,46.07331148875,NA,-0.290190918218438
10,0.00383795804977033,11.069022609375,25.38715857625,0,-9.01283435325,0,0,0,6.657754022625,-0.00136999013906742,-0.305245482328865,"13",8.499030631,NA,24.4811268957143,NA,9.50614648728571,NA,-0.305245482328865
73,0.00610069058086194,6.37775715971429,4.58781960828571,33.3783801285714,4.499581161,1,2,4,882.762022185714,0.000892742392024188,0.1582160154621,"13",11.126000516125,NA,4.98632438525,NA,4.497493006125,NA,0.133728066689794
74,0.00580910245639215,2.22093878471429,3.506307897,33.53734728,5.29849803,1,2,4,885.416368614286,0.000601154267554398,0.109240117917488,"13",6.37775715971429,NA,4.58781960828571,NA,4.499581161,NA,0.109240117917488
1,0.00822800609853628,0.00811385028571429,1.52381990657143,33.8347476271429,-7.49778621585714,0,0,0,-3.31400932542857,0.00173350734419726,0.236588236676698,"15",0.00776582228571429,NA,1.50150551014286,NA,-7.39074167857143,NA,0.0724043433259626
2,0.00783487067764529,0.008624287375,1.5222720475,35.7371598725,-7.495185127875,0,0,0,-3.3139017495,0.00134037192330627,0.187628894249917,"15",0.00874612934375,0.000998985405711644,1.50903878006696,0.0136661647914821,-7.47230712376786,0.0545478003854315,0.0304216111127554
3,0.00734819957926158,0.00914442742857143,1.51679014542857,42.3134641185714,-7.49527870814286,0,0,0,-3.31394312485714,0.000853700824922565,0.123499853164205,"15",0.00793983628571429,0.000246092958842791,1.51266270835715,0.0157786610327267,-7.44426394721429,0.0756919182037013,0.0489495014187146
4,0.00694480623065994,0.009960417375,1.494039558125,43.35922900125,-7.5054218925,0,0,0,-3.3139284205,0.000450307476320925,0.0670386012030209,"15",0.00834136666666667,0.000716910602989864,1.51403852071429,0.0114088409104095,-7.46126886752381,0.0610912038257373,0.0365244427944663
5,0.00670535918926948,0.174884925285714,3.203035601,12.9863949235714,-2.684296716,0,0,0,-3.30245725542857,0.000210860434930464,0.0319516121127084,"15",0.00872176095,0.00086686098867605,1.51168543355357,0.0132324192221908,-7.47688272458929,0.0483350546658627,-0.00888020967153502
6,0.00654727645314074,0.93943905875,14.359524142375,0.007746019875,48.83880218,0,0,0,-3.06490971775,5.27776988017243e-05,0.00809368130709842,"15",0.036415621672619,0.067840258613318,1.79357712812798,0.690592240294484,-6.67811838982441,1.95704261500917,-0.0224908169329495
7,0.00643065935440476,2.92012447757143,19.80824098,0,-14.5557628792857,0,0,0,-2.27566431071429,-6.38393999342554e-05,-0.00987839646426547,"15",0.165418969826531,0.346883694367968,3.58871241587755,4.79113830711402,1.25287026300765,21.0593387101841,-0.0377830660529734
8,0.00608159949597412,5.811001949375,21.77246328125,0,-77.4270278525,0,0,0,-0.304733787375,-0.000412899258364895,-0.0656877356416814,"15",0.509757158294643,1.02551881745014,5.61615348639286,7.24981779233557,-0.723208879779016,20.2824634072347,-0.0921107212613408
9,0.0057685558558415,8.83715388728571,22.66900012,0,-30.73405901,0,0,0,2.977381356,-0.000725942898497515,-0.118533706881,"15",5.811001949375,NA,21.77246328125,NA,-77.4270278525,NA,-0.123034310697841
10,0.00571686487556686,11.30360740125,23.15067209875,0,-3.10969550025,0,0,0,7.535432900875,-0.000777633878772156,-0.127534914514682,"15",8.83715388728571,NA,22.66900012,NA,-30.73405901,NA,-0.127534914514682
83,0.00692677450378772,6.79923649614286,2.574290526,24.5771225871429,4.68513976371429,1,1,4,895.892589385714,0.000432275749448705,0.0644387912586719,"15",10.617478174875,NA,2.789616926875,NA,5.38970659525,NA,0.126502729922498
84,0.00728539885784076,3.694433172125,2.594005905,22.94652812375,2.99518467475,1,1,4,898.2131511125,0.000790900103501744,0.114916713975643,"15",6.79923649614286,NA,2.574290526,NA,4.68513976371429,NA,0.147190709477107
85,0.00760761065605419,1.49444777857143,2.69393374357143,22.2457248971429,3.00729208157143,1,1,4,898.998810242857,0.00111311190171517,0.158193673020417,"15",5.24683483413393,2.19542748466356,2.5841482155,0.0139408781845628,3.84016221923215,1.19497870330737,0.163327707227839
86,0.00768612854744613,0.3757545205,2.7182244415,24.44284789,3.0691550435,1,1,4,899.1782335,0.00119162979310711,0.16846174143526,"15",3.99603914894643,2.66522427920411,2.62074339152381,0.0641466660623866,3.56253884001191,0.972219765664157,0.16846174143526
1,0.0069143895951033,0.00617547585714286,2.11589581828571,51.4389866914286,103.038070841429,0,0,0,-13.6366998071429,0.00190550508770731,0.322391446046174,"16",0.008525213,NA,2.02511745471429,NA,104.951204925714,NA,0.162281847723019
2,0.00659596763762151,0.05669079125,2.1606709845,25.3733983105,75.60189215,0,0,0,-13.6328533225,0.00158708313022552,0.275245256425841,"16",0.00735034442857143,0.00166151506772019,2.0705066365,0.0641899964663689,103.994637883571,1.35279008431703,0.130259928058388
3,0.00612765286985061,0.663500829,4.296522406,0.0249909424285714,-71.920144645,0,0,0,-13.4908441328571,0.00111876836245462,0.201598543532408,"16",0.0237971600357143,0.0285109373224769,2.10056141916667,0.0690655319721633,94.5303893057143,16.4204453026259,0.0940135959665243
4,0.00564208804478924,1.487619644375,13.994009235,0,-206.0096236625,0,0,0,-13.02049678375,0.000633203537393248,0.119040978370419,"16",0.183723077276786,0.320697851130307,2.649551665875,1.09942766734693,52.9177558180358,84.2982744727148,0.0581519467778963
5,0.00519697380639221,3.17048091557143,15.8464144185714,0,-226.360614228571,0,0,0,-12.02499955,0.000188089298996217,0.036863258059511,"16",0.444502390696429,0.64588279534897,4.9184431797,5.16196662177618,1.1322799219286,136.888008526092,0.0376486664263946
6,0.00510267463942049,4.953114240875,17.71816714125,0,-89.565225810625,0,0,0,-10.2349130235,9.3790132024498e-05,0.0185516039037585,"16",0.898832144842262,1.25388389465513,6.7397717195119,6.42029169298913,-36.783202436488,153.675516323909,0.0380413706098364
7,0.00530550189508285,6.80938868628571,19.1246675028571,0,31.0179927574286,0,0,0,-7.70943765757143,0.000296617387686857,0.0575311373159142,"16",4.06179757822322,1.26051211269128,16.7822907799107,1.32352904291042,-157.962920019598,96.7289467853773,0.086176889774463
8,0.0056183379486402,8.489200151875,20.5960279625,0,103.1546933775,0,0,0,-4.33355714675,0.000609453441244208,0.114822642233012,"16",6.80938868628571,NA,19.1246675028571,NA,31.0179927574286,NA,0.11276569492468
9,0.00559527217559775,10.2721085195714,22.7888894185714,0,118.31321084,0,0,0,-0.159018671857143,0.000586387668201758,0.110708747616349,"16",8.489200151875,NA,20.5960279625,NA,103.1546933775,NA,0.110708747616349
75,0.0046628483543055,3.48727042157143,1.67636971685714,38.1104890442857,3.30323648614286,1,1,4,825.102480142857,-0.000346036153090493,-0.0715867393707619,"16",9.305408500125,NA,1.80959884825,NA,4.639821706875,NA,-0.0665582524029387
76,0.00470997909876697,0.7333122065,2.044400191,34.245379265,3.0708054995,1,1,4,826.43638075,-0.000298905408629022,-0.0615297654351155,"16",6.39633946084822,4.1140448892249,1.74298428255357,0.0942072222594848,3.97152909650893,0.945108473213415,-0.0615297654351155
1,0.00469710698010109,0,0.978843635428571,0,-56.9831752428571,0,0,0,-10.7145504171429,0.000478840492659243,0.107522521944162,"17",0,NA,0.967136269571429,NA,-56.1696367542857,NA,0.0645795188833828
2,0.00457161083281376,0,0.989884339875,0,-56.963406975,0,0,0,-10.71420261375,0.000353344345371913,0.0804413621090792,"17",0.00016912040625,0.000478344744385595,0.913990987584821,0.12440646680139,-57.9765381783482,3.19430959518955,0.0422716485220756
3,0.00469643872093306,0,0.988958753428571,0,-56.9641181857143,0,0,0,-10.7143363842857,0.000478172233491212,0.107380241451534,"17",0,0,0.9729899525,0.008278357787417,-56.5764059985714,0.575258582025094,0.0617166520126641
4,0.00468328563337526,0,0.9864508275,0,-56.963406975,0,0,0,-10.71420261375,0.000465019145933413,0.104575660975182,"17",0.00016912040625,0.000478344744385595,0.913990987584821,0.12440646680139,-57.9765381783482,3.19430959518955,0.0422716485220756
5,0.00479423673409408,0,0.994849258714286,4.13715714285714e-05,-56.9641181857143,0,0,0,-10.7143363842857,0.000575970246652233,0.127990254588251,"17",0,0,0.9729899525,0.008278357787417,-56.5764059985714,0.575258582025094,0.0617166520126641
6,0.00485130702711126,0,0.99584025175,0.063152583875,-56.963406975,0,0,0,-10.71420261375,0.000633040539669413,0.139823896989788,"17",0.00016912040625,0.000478344744385595,0.913990987584821,0.12440646680139,-57.9765381783482,3.19430959518955,0.0422716485220756
7,0.00468949904080256,0,0.991454573857143,0.744033347571429,-56.9641181857143,0,0,0,-10.7143363842857,0.000471232553360713,0.105901501356861,"17",0,0,0.9729899525,0.008278357787417,-56.5764059985714,0.575258582025094,0.0617166520126641
8,0.00475244506009008,0,0.973331512,1.110839369625,-56.963406975,0,0,0,-10.71420261375,0.000534178572648232,0.119234973750228,"17",0.00016912040625,0.000478344744385595,0.913990987584821,0.12440646680139,-57.9765381783482,3.19430959518955,0.0422716485220756
9,0.00467427243496167,0,0.963267119857143,23.3404540178571,-56.9641181857143,0,0,0,-10.7143363842857,0.000456005947519823,0.102649260745022,"17",0,0,0.9729899525,0.008278357787417,-56.5764059985714,0.575258582025094,0.0617166520126641
10,0.00454702567945921,3.8875e-21,0.801496833,73.209624135,-56.963406975,0,0,0,-10.71420261375,0.000328759192017363,0.0750490619874826,"17",0.00016912040625,0.000478344744385595,0.913990987584821,0.12440646680139,-57.9765381783482,3.19430959518955,0.0422716485220756
11,0.00449148155649857,7.72857142857143e-20,0.729455455571429,75.0193613985714,-56.9510728242857,0,0,0,-10.7143363842857,0.000273215069056722,0.0627583552381239,"17",0,0,0.9729899525,0.008278357787417,-56.5764059985714,0.575258582025094,0.0617166520126641
12,0.00438438598457115,0.00135296325,0.69796283425,67.74685271875,-65.8519478625,0,0,0,-10.7142506625,0.000166119497129302,0.0386253301114898,"17",1.10408163265306e-20,2.92112542711417e-20,0.944852152346939,0.0957459654567433,-56.8514796520408,0.300810577963884,0.0419070166810171
13,0.00436037459877812,0.286701835,2.91711067785714,4.56083896342857,-242.548969785714,0,0,0,-10.6795977814286,0.000142108111336273,0.0331337113623329,"17",0.000104074096153846,0.000375244490130262,0.927610128061813,0.107940297564248,-57.5868723309066,2.49304963115489,-0.0346700297782696
14,0.00409724862601441,1.259361125875,14.95360022,0.007726157875,-433.7293048,0,0,0,-10.36493611625,-0.000121017861427437,-0.029108576367693,"17",0.0205753427321429,0.0765973219567464,1.06971731019005,0.541735346592569,-70.7984507205357,49.4911956449817,-0.0572712768251371
15,0.00393711882539081,3.33228212314286,19.9236306685714,0,-285.988850042857,0,0,0,-9.38493884828571,-0.000281147662051037,-0.0689750637776418,"17",0.103161061608333,0.328259169014003,1.99530950417738,3.62261344517699,-94.9938409925,105.145977094931,-0.0713526270538591
16,0.00391844176772759,6.101825070625,20.92634998625,0,-22.5905662165,0,0,0,-7.290462920625,-0.000299824719714258,-0.0737301903300764,"17",0.304981127954241,0.867336096014792,3.11582957695201,5.68660561004122,-106.931029058147,112.243372819655,-0.0354033191346432
17,0.00423061685408975,8.58197451242857,22.4469616128571,0,80.42911862,0,0,0,-4.03710339342857,1.23503666479025e-05,0.00292355206078998,"17",6.101825070625,NA,20.92634998625,NA,-22.5905662165,NA,0.0452824267999516
18,0.00460464493368561,10.86314729025,24.94249144375,0,88.2585523975,0,0,0,0.350222763875,0.000386378446243763,0.0876413015391133,"17",8.58197451242857,NA,22.4469616128571,NA,80.42911862,NA,0.0876413015391133
88,0.00508944278857588,1.899157266,2.22624013233333,42.5639607966667,2.98266696166667,1,2,4,878.271249766667,0.000871176301134033,0.187744090033219,"17",6.06846715157143,NA,2.38765498142857,NA,3.00031291314286,NA,0.187744090033219
1,0.00375274918313686,0.00775002257142857,2.62901396985714,0,-47.9858317814286,0,0,0,-7.54608880157143,-0.000144511222764059,-0.0377851583938877,"18",0.000327427285714286,NA,2.58914308914286,NA,-47.3007467428571,NA,-0.0281027566514263
2,0.00346526350303757,0.000561624,2.644117049875,0,-47.96918482,0,0,0,-7.545843848375,-0.000431996902863349,-0.117485166267637,"18",0.0013570680922619,0.00313445429615181,2.6375738273125,0.0277904149470599,-47.8533223795238,0.271508484770894,-0.0240959174279912
3,0.00325789067141241,3.72857142857143e-06,2.633711002,0,-47.9697837342857,0,0,0,-7.54593806114286,-0.000639369734488509,-0.17919388858074,"18",0.00403872492857143,0.00524856746053187,2.6090785295,0.0281929701249472,-47.6432892621429,0.484428276463356,-0.0272225383112025
4,0.0033162177526697,0,2.646887696125,0,-47.96918482,0,0,0,-7.545843848375,-0.000581042653231219,-0.161448939385997,"18",0.0013570680922619,0.00313445429615181,2.6375738273125,0.0277904149470599,-47.8533223795238,0.271508484770894,-0.0240959174279912
5,0.00360130037702078,0,2.66879181985714,0.185271450571429,-47.9697837342857,0,0,0,-7.54593806114286,-0.000295960028880139,-0.0789788480824161,"18",0.00403872492857143,0.00524856746053187,2.6090785295,0.0281929701249472,-47.6432892621429,0.484428276463356,-0.0272225383112025
6,0.00393865459292145,0,2.71779646225,46.609466125,-47.96918482,0,0,0,-7.545843848375,4.13941870205312e-05,0.0105653445773406,"18",0.0013570680922619,0.00313445429615181,2.6375738273125,0.0277904149470599,-47.8533223795238,0.271508484770894,-0.0240959174279912
7,0.00413912651883313,0,2.65504808714286,54.49900974,-47.9697837342857,0,0,0,-7.54593806114286,0.000241866112932211,0.0602109320185802,"18",0.00403872492857143,0.00524856746053187,2.6090785295,0.0281929701249472,-47.6432892621429,0.484428276463356,-0.0272225383112025
8,0.00416809523448228,6.1230125e-05,2.649734995875,54.401377425,-47.92400455,0,0,0,-7.54585594825,0.000270834828581361,0.0671853052172873,"18",0.00161623568571429,0.00343179921573385,2.6351415936,0.0303482412574527,-47.8391859454286,0.30107686869181,-0.0126857645973314
9,0.00412343321342006,0.219663149571429,3.43943286514286,10.1107085567143,-96.9298358214286,0,0,0,-7.52620593057143,0.000226172807519141,0.0564122729074352,"18",0.000967114728174603,0.00255126059419262,2.64824935245833,0.0342802190601031,-47.8919431930159,0.22232647636391,0.0249243347700889
10,0.0039265382394684,1.44747450275,20.12252580625,0.00035502425,-274.9938115625,0,0,0,-7.206735371125,2.9277833567481e-05,0.00748433614237687,"18",0.0228367182125,0.0691995757336878,2.72736770372679,0.252273062599485,-52.7957324558571,15.5085598392519,0.0144283553909735
11,0.00402948672963093,4.14377152314286,18.2784892114286,0,-171.864280171429,0,0,0,-5.96068574257143,0.000132226323730011,0.033365158361315,"18",0.152349244079546,0.434532117425897,4.30874571304708,5.25029504126024,-72.9955578291883,68.5917362493668,0.0179003650152718
12,0.0039067640318598,6.215439259625,22.50283586125,0,56.1570569775,0,0,0,-3.64729128425,9.50362595888033e-06,0.00243557166922859,"18",0.484967767334822,1.22444838921633,5.47289100457887,6.42825370387949,-81.234618024375,71.3561500947664,-0.033368367784822
13,0.00363679041005039,9.06872891214286,26.59790666,0,86.0791371557143,0,0,0,-0.261831204142857,-0.000260469995850529,-0.0691723072388726,"18",6.215439259625,NA,22.50283586125,NA,56.1570569775,NA,-0.0618577410493093
14,0.00369038456201862,13.03854692125,29.6621490525,0,28.68963578625,0,0,0,4.7251163495,-0.000206875843882299,-0.054543174859746,"18",9.06872891214286,NA,26.59790666,NA,86.0791371557143,NA,-0.054543174859746
78,0.00395970234971601,6.08082395075,2.10930471,42.73622564625,1.497212870375,1,2,4,869.560995075,6.24419438150911e-05,0.0158950115541154,"18",12.7612480214286,NA,3.04327761342857,NA,1.49905574157143,NA,0.0114987866042471
79,0.00392503947341777,1.54864985266667,1.835440446,40.90375258,1.53833200366667,1,2,4,871.789947366667,2.7779067516851e-05,0.00710256165437873,"18",6.08082395075,NA,2.10930471,NA,1.497212870375,NA,0.00710256165437873
1,0.0045523560676675,0.00494280242857143,3.21892345728571,31.1035236228571,-7.49874711385714,0,0,0,-1.69059259571429,0.000953830949433924,0.235120838052249,"22",0.00363304271428572,0.00135675063081523,3.32111277064286,0.203414514164019,-2.94569571892857,6.28624428149866,0.234764192432533
2,0.00479813358759293,0.001423940875,3.187837931625,31.14532100125,-7.184433912,0,0,0,-1.690537717375,0.00119960846935935,0.287702927294813,"22",0.00500052766666667,0.00218331852040594,3.25645072720635,0.0989481521093293,-4.06107658547619,4.21716249453719,0.223974582648627
3,0.00505108522301535,0.00436957242857143,3.21985162728571,31.2859182542857,-6.00272932471429,0,0,0,-1.69055882442857,0.00145256010478178,0.339079035718794,"22",0.00406962928571429,0.00122156033013684,3.28704966619047,0.155465808270158,-4.46337951723809,5.16415781306991,0.234744378786994
4,0.00522219058603903,0.000848760125,3.2451925295,31.54897484,-5.995852532625,0,0,0,-1.690537717375,0.00162366546780545,0.372392885585973,"22",0.00500052766666667,0.00218331852040594,3.25645072720635,0.0989481521093293,-4.06107658547619,4.21716249453719,0.223974582648627
5,0.00514205315633159,0.00121007442857143,3.248374221,31.5078822257143,-5.99622296657143,0,0,0,-1.69055882442857,0.00154352803809801,0.356928365988018,"22",0.00406962928571429,0.00122156033013684,3.28704966619047,0.155465808270158,-4.46337951723809,5.16415781306991,0.234744378786994
6,0.0049131457147705,0.00557951775,3.248376271375,31.2607481625,-5.996148102375,0,0,0,-1.690537717375,0.00131462059653692,0.311390332195274,"22",0.00500052766666667,0.00218331852040594,3.25645072720635,0.0989481521093293,-4.06107658547619,4.21716249453719,0.223974582648627
7,0.00471198326174239,0.00522420014285714,3.23096118285714,30.9029748571429,-5.99622296657143,0,0,0,-1.69055882442857,0.00111345814350881,0.269584815377619,"22",0.00406962928571429,0.00122156033013684,3.28704966619047,0.155465808270158,-4.46337951723809,5.16415781306991,0.234744378786994
8,0.00456271592976407,0.005012972875,3.22557871325,30.88058905,-5.996148102375,0,0,0,-1.690537717375,0.000964190811530494,0.237393966851025,"22",0.00500052766666667,0.00218331852040594,3.25645072720635,0.0989481521093293,-4.06107658547619,4.21716249453719,0.223974582648627
9,0.00445802492965214,0.00783566757142857,3.20645533785714,30.7845794942857,-5.99627231485714,0,0,0,-1.69055882442857,0.000859499811418564,0.214181749569236,"22",0.00406962928571429,0.00122156033013684,3.28704966619047,0.155465808270158,-4.46337951723809,5.16415781306991,0.234744378786994
10,0.00447983096849476,0.0082450885,3.21743391775,30.7651745275,-5.980260197625,0,0,0,-1.690537717375,0.000881305850261185,0.219061237864613,"22",0.00500052766666667,0.00218331852040594,3.25645072720635,0.0989481521093293,-4.06107658547619,4.21716249453719,0.223974582648627
11,0.00444524093695434,0.00780755414285714,3.16522494214286,31.0320528228571,-3.66822801457143,0,0,0,-1.69055882442857,0.000846715818720765,0.21130999410603,"22",0.00406962928571429,0.00122156033013684,3.28704966619047,0.155465808270158,-4.46337951723809,5.16415781306991,0.234744378786994
12,0.00430925232725463,0.010188426,3.261226489125,31.03532074,4.48143495825,0,0,0,-1.690537717375,0.000710727209021055,0.180240338392307,"22",0.00500052766666667,0.00218331852040594,3.25645072720635,0.0989481521093293,-4.06107658547619,4.21716249453719,0.223974582648627
13,0.00416678160954048,0.00634879242857143,3.37604023514286,31.0786169285714,4.50012486971429,0,0,0,-1.69055882442857,0.000568256491306905,0.146619865622662,"22",0.00406962928571429,0.00122156033013684,3.28704966619047,0.155465808270158,-4.46337951723809,5.16415781306991,0.234744378786994
14,0.0042404361107142,0.006565538,3.526099470125,37.61637732625,2.199352778,0,0,0,-1.690537717375,0.000641910992480625,0.164142043911477,"22",0.00500052766666667,0.00218331852040594,3.25645072720635,0.0989481521093293,-4.06107658547619,4.21716249453719,0.223974582648627
15,0.00439758840399022,0.00459241028571429,3.464948553,36.3119798642857,1.49935024071429,0,0,0,-1.69061624471429,0.000799063285756645,0.200532223479456,"22",0.00267367514285714,NA,3.17727698828571,NA,-7.39074167857143,NA,0.23305259398488
16,0.00444886228418818,0.306966425375,4.215597325375,5.275889718625,1.499990360375,0,0,0,-1.650777445,0.000850337165954605,0.212124319566953,"22",0.0051793120703125,0.00268177638819748,3.26373761672545,0.102497030526233,-3.81385902375223,4.30609087386852,0.183074251937609
17,0.00439607845936809,1.18853757057143,9.934798403,0.011677015,1.49439942314286,0,0,0,-1.31663360085714,0.000797553341134515,0.200188807103538,"22",0.0229314952058824,0.0732401702117684,3.31972936429307,0.251287339939803,-3.50127964821534,4.36400242585009,0.175811735030273
18,0.00436059590811614,2.19631093325,16.215359045,0,-12.713283907625,0,0,0,-0.5720605025,0.000762070789882564,0.192084647201636,"22",0.0876873882817461,0.283775348291619,3.68723319977678,1.5781299502626,-3.22374192202877,4.3943988060939,0.167686044339185
19,0.0043136072316963,3.87998104242857,18.5121443142857,0,-24.4065847428571,0,0,0,0.778826046571429,0.000715082113462725,0.181250422038261,"22",0.198667574859023,0.556839366475307,4.34660824426222,3.25773953699158,-3.72319150021804,4.79348199869984,0.155486742907959
20,0.00409696780070009,5.64588507275,17.8613272675,0,-26.9915565525,0,0,0,2.927067011625,0.000498442682466515,0.129723063777658,"22",0.3827332482375,0.985572952390816,5.05488504776339,4.48189865534795,-4.75736116235,6.56949518336809,0.102122475056994
21,0.00387693913847891,7.27200263271429,16.51654426,0,-24.3259341771429,0,0,0,5.82734597414286,0.000278414020245335,0.0745218863363304,"22",5.64588507275,NA,17.8613272675,NA,-26.9915565525,NA,0.0679598525298908
22,0.00382639035415998,8.415037558,17.57399967125,0,-4.29900777725,0,0,0,9.357053042125,0.000227865235926405,0.0613978187234512,"22",7.27200263271429,NA,16.51654426,NA,-24.3259341771429,NA,0.0747424077401657
23,0.00392988856782787,9.45335251757143,16.9647861114286,0,1.92482084485714,0,0,0,13.3438793457143,0.000331363449594295,0.0880869967568803,"22",8.415037558,NA,17.57399967125,NA,-4.29900777725,NA,0.0845836544590264
24,0.00390244931877558,10.57367071,17.680015515,0,17.40374162325,0,0,0,17.8356032175,0.000303924200542005,0.0810803121611725,"22",9.45335251757143,NA,16.9647861114286,NA,1.92482084485714,NA,0.067854508913161
25,0.00380057655141274,11.6984593057143,20.3156917442857,0,23.4977825528571,0,0,0,22.8230759228571,0.000202051433179165,0.0546287056651495,"22",10.57367071,NA,17.680015515,NA,17.40374162325,NA,0.0546287056651495
98,0.00494083015488963,7.332909647375,2.7461279585,25.57345803375,5.006278221375,1,2,4,938.81572265,0.00134230503665605,0.317009284943404,"22",10.5536266965714,NA,2.825899773,NA,3.00271416128571,NA,0.326430375503047
99,0.00503480877411228,4.45641019928571,2.69211238485714,23.5158802971429,6.00262189385714,1,2,4,941.637828657143,0.00143628365587871,0.335851466062691,"22",7.332909647375,NA,2.7461279585,NA,5.006278221375,NA,0.343844214065365
100,0.0051159394204251,2.473031356,2.75036869216667,23.5497558,6.07020396233333,1,2,4,944.2197139,0.00151741430219152,0.351836962068039,"22",4.45641019928571,NA,2.69211238485714,NA,6.00262189385714,NA,0.351836962068039
1,0.00516029676911807,0,1.45337569371429,0,-34.4898165928571,0,0,0,-6.314531282,0.00113024301173884,0.2472143706301,"24",0,NA,1.432194857,NA,-33.99741172,NA,0.188801516209928
2,0.00520678943759785,0,1.45471892675,0,-34.4778515875,0,0,0,-6.314326306125,0.00117673568021862,0.256183714252132,"24",7.6302875e-05,0.000170618415378669,1.388475618625,0.0988583022168545,-33.9829973751786,0.6001630592204,0.199122550936114
3,0.00499060299228632,0,1.455943387,0,-34.4782820571429,0,0,0,-6.314405143,0.000960549234907092,0.213777022654798,"24",0,0,1.44278527535715,0.0149771132718795,-34.2436141564285,0.348182824686556,0.182311199052132
4,0.0047255569229322,0,1.454512839125,0.04391633025,-34.47955316625,0,0,0,-6.314326306125,0.000695503165552972,0.159205702465423,"24",7.6302875e-05,0.000170618415378669,1.388475618625,0.0988583022168545,-33.9829973751786,0.6001630592204,0.199122550936114
5,0.0045443248429416,0,1.38078515528571,35.9391415411429,-33.9339482871429,0,0,0,-6.314405143,0.000514271085562372,0.120099449209321,"24",0,0,1.44278527535715,0.0149771132718795,-34.2436141564285,0.348182824686556,0.182311199052132
6,0.00450851906122796,0.000381514375,1.220079000125,62.0914433425,-33.01552821875,0,0,0,-6.31436117425,0.000478465303848732,0.112189013988385,"24",0,0,1.43057477325,0.0348572291210998,-34.2248646642857,0.300436948354876,0.186703474229295
7,0.00460192755531722,0.258860569142857,2.02665090414286,5.28959727671429,-78.63132602,0,0,0,-6.28742740942857,0.000571873797937991,0.132695531236312,"24",5.45020535714286e-05,0.00014419887969232,1.407372837,0.0869302517302598,-34.1246273756633,0.546476247798706,0.194836472224782
8,0.00483795687542809,1.079514830875,5.0447164535,0.01072739175,-150.108400875,0,0,0,-5.981491099375,0.000807903118048862,0.182712779115872,"24",0.0324052604397321,0.0915018599161844,1.48478259539286,0.233271261742324,-39.6879647062054,15.7436257574161,0.216240179640295
9,0.00501555828302934,1.919280853,17.0270986991429,0,-112.261202728571,0,0,0,-5.31755982328571,0.000985504525650112,0.218765017810663,"24",0.148750768265873,0.359377950483901,1.88033080184921,1.20654009425216,-51.9569020582937,39.6436684318705,0.227415979815103
10,0.00514977117320535,4.476234739,21.81263675375,0,-1.726627340125,0,0,0,-3.95901051375,0.00111971741582612,0.24517256073628,"24",0.325803776739286,0.65443098211821,3.39500759157858,4.9230527109524,-57.9873321253214,41.9601813698108,0.231741460817323
11,0.00501327844305325,7.62482091771429,21.8601155185714,0,44.1963043042857,0,0,0,-1.22281186142857,0.000983224685674021,0.218310360898367,"24",2.491676807625,1.76922423118622,14.6281506354643,8.6375344663888,-88.032076981232,77.1010737940725,0.186251727183731
12,0.00470192882197588,9.922133423625,22.2765003325,0,51.726480915,0,0,0,2.7839045465,0.000671875064596652,0.154193093469096,"24",7.62482091771429,NA,21.8601155185714,NA,44.1963043042857,NA,0.119226887241029
13,0.00438434568563667,11.8385886057143,23.5012925685714,0,36.8231972171429,0,0,0,7.69267555228571,0.000354291928257442,0.084260681012962,"24",9.922133423625,NA,22.2765003325,NA,51.726480915,NA,0.084260681012962
79,0.00484177348827127,7.575733671,1.0210335955,34.40251226,4.511813871,1,3,4,896.58512235,0.000811719730892042,0.183501357478843,"24",10.957108465875,NA,1.15128311625,NA,3.015946195,NA,0.181331368383989
80,0.00482080582900183,6.505391386,1.029960379,34.39598561,4.516567853,1,3,4,897.1033366,0.000790752071622602,0.179161379289136,"24",9.2664210684375,2.39099304718938,1.086158355875,0.0921003193686228,3.763880033,1.05773817745736,0.179161379289136
1,0.00565585532081963,0.00153130914285714,0,0.000437778285714286,-107.968121528571,0,0,0,-6.471274966,0.0014323188069948,0.292018528958016,"29",0.00281196685714286,NA,0,NA,-106.426680182857,NA,0.254661963334867
2,0.00566040654841506,0.0001488845,0,1.141714837625,-107.9305515375,0,0,0,-6.47106490225,0.00143687003459023,0.29282289842436,"29",0.00112601542857143,0.00131715484658334,1.49060714285714e-05,2.98121428571429e-05,-112.828359206429,10.9546815444526,0.241774251852651
3,0.00567190443625225,5.08571428571429e-06,0,39.1305719614286,-107.689072557143,0,0,0,-6.471145696,0.00144836792242742,0.294852121165471,"29",0.00149965866666667,0.00132841624446979,1.98747619047619e-05,3.4424097407382e-05,-114.54145475619,12.7436020588715,0.249356804611626
4,0.00553552400190621,0.001386057375,0,44.0242457725,-106.408020175,0,0,0,-6.47106490225,0.00131198748808138,0.270513413149526,"29",0.00112601542857143,0.00131715484658334,1.49060714285714e-05,2.98121428571429e-05,-112.828359206429,10.9546815444526,0.241774251852651
5,0.00544726870296885,0.0001557,5.96242857142857e-05,41.7560359285714,-129.229562557143,0,0,0,-6.47119341785714,0.00122373218914402,0.254441508774409,"29",0.002171638,0.000905561754150297,0,0,-107.197400855714,1.08996362835569,0.249992392631973
6,0.00526437324482582,0.28990569425,0.065045593,13.485895458,-350.12969495,0,0,0,-6.432499912375,0.00104083673100099,0.220289278457396,"29",0.00100650059821429,0.00110827745326298,9.93738095238095e-06,2.43415127129861e-05,-110.942001423036,8.98748398985625,0.221827299885505
7,0.00513053927455919,0.993724556714286,8.647611007,0.020085201,-481.281322414286,0,0,0,-6.15651775585714,0.000907002760734357,0.194537957675675,"29",0.0422778139770408,0.10919831831056,0.00930074532653061,0.0245811773462753,-145.111671926888,90.7759718581005,0.222339973694875
8,0.00524395617176382,2.886640264625,11.53004448125,0.072074779375,-316.7524536375,0,0,0,-5.339917339875,0.00102041965793899,0.216403389929221,"29",0.161208656819196,0.35125086223855,1.08908952803571,3.05418867086065,-187.132878237812,145.565617050433,0.248400762732108
9,0.00545619353773938,5.15134372,13.8610503614286,0.00548809085714286,-14.8298138797143,0,0,0,-3.57924816685714,0.00123265702391455,0.256078573479729,"29",0.464034391019841,0.966067207725656,2.24919563394841,4.50274088476621,-201.535053282222,142.854765664126,0.264399449133552
10,0.00554775390466189,7.3712721895,16.82167279375,3.694825e-05,157.6106884625,0,0,0,-0.808473188,0.00132421739083706,0.272720324787374,"29",4.0189919923125,1.60138717067227,12.6955474213393,1.64827006486,-165.791133758607,213.491545966473,0.264444118750428
11,0.00545668101167313,9.58421722657143,16.7693658871429,0.008749305,100.213467364286,0,0,0,3.03116208285714,0.0012331444978483,0.256167912713481,"29",7.3712721895,NA,16.82167279375,NA,157.6106884625,NA,0.246293582195563
12,0.00534997597479672,11.484675315,19.0631410725,0.000283201125,27.03556241875,0,0,0,7.78845144275,0.00112643946097189,0.236419251677644,"29",9.58421722657143,NA,16.7693658871429,NA,100.213467364286,NA,0.236419251677644
82,0.00586252644186103,5.395764463,0,53.0930310466667,1.49837271933333,1,3,4,859.338936733333,0.0016389899280362,0.327907823938828,"29",10.4596669605714,NA,0,NA,1.50556209942857,NA,0.327907823938828
1,0.00426154154060184,0.001782184,2.25105708357143,0,13.4937986457143,0,0,0,-5.74353643228571,0.000628817394124045,0.159648134351047,"30",7.92674285714286e-05,NA,2.21664745014286,NA,13.3033350228571,NA,0.0978407915153058
2,0.00420508494936572,6.8209e-05,2.2493937605,0,12.6284147125,0,0,0,-5.743349991625,0.000572360802887925,0.146311671061079,"30",0.000762148473214286,0.000898714657223811,2.22133463895833,0.050554873688164,14.0329059551786,1.32737503880024,0.0714292980780296
3,0.00412525090240244,0.000627238142857143,2.24862084957143,0,11.9870899542857,0,0,0,-5.74342169957143,0.000492526755924645,0.127144019072696,"30",0.000930725714285714,0.00120414385545209,2.23385226685714,0.0243312851354853,13.3985668342857,0.134678119291683,0.092221942166602
4,0.00414200524393907,0.006164080125,2.24941338475,0.029880099375,14.03656628125,0,0,0,-5.743349991625,0.000509281097461275,0.131197205225845,"30",0.000762148473214286,0.000898714657223811,2.22133463895833,0.050554873688164,14.0329059551786,1.32737503880024,0.0714292980780296
5,0.00418195229117421,7.88318571428571e-05,2.24641245414286,18.3161872421429,15.44257378,0,0,0,-5.74342169957143,0.000549228144696415,0.140795368787419,"30",0.000930725714285714,0.00120414385545209,2.23385226685714,0.0243312851354853,13.3985668342857,0.134678119291683,0.092221942166602
6,0.00417545076090472,2.0136125e-05,2.24389193375,28.606546575,14.9839581325,0,0,0,-5.74335117825,0.000542726614426925,0.139239495178134,"30",0.000910550942857144,0.00091893163315635,2.21682318,0.0551551865424943,13.8426955197143,1.38962424555743,0.0799055727155427
7,0.00404402392555592,0.00198523328571429,2.12137806257143,26.8000711742857,14.9866801957143,0,0,0,-5.74342032042857,0.000411299779078125,0.107257394248166,"30",0.000641880357142857,0.000802924594446334,2.24068445935715,0.0161365564165859,13.5566993507143,1.42458719186889,0.0829446639969453
8,0.00394626118998104,0.152566688,2.577796222,4.46152806975,145.22815379,0,0,0,-5.7214639855,0.000313537043503245,0.0827857738951243,"30",0.00135064749553571,0.0021020469256828,2.228351872375,0.044658664199302,13.8578020906027,1.22689739993565,0.0444992420518568
9,0.00392538780413188,0.676595237714286,8.247203303,0.00584012671428571,308.623461442857,0,0,0,-5.54879391671429,0.000292663657654085,0.0774823274993084,"30",0.0181524297738095,0.0504436841007543,2.26717902233333,0.123745807674603,28.4545078349802,43.8051536336503,0.03492760909104
10,0.00384992795016127,1.601914649375,15.2392633325,0,260.9660673125,0,0,0,-5.0541237595,0.000217203803683475,0.0580716119252873,"30",0.0839967105678572,0.213580263424664,2.8651814504,1.89464524844107,56.4714031957678,97.7504249425836,0.0207427029549505
11,0.00371505568068571,3.44846919457143,18.3662541285714,0,48.3681098598571,0,0,0,-3.94926312642857,8.23315342079155e-05,0.0224108451164451,"30",0.221989250459416,0.500515961538741,3.99009798513636,4.14131885599892,75.0618272063798,111.36100544018,0.00207824846978211
12,0.00356701271759644,5.731991111125,21.31818520375,0,-33.59907678375,0,0,0,-1.879795821,-6.57114288813545e-05,-0.0182543481768809,"30",0.490862579135417,1.04654499555042,5.18811099708928,5.72836849698098,72.8373507608363,106.457806548704,-0.0349353263594598
13,0.00344997337769106,8.28458531142857,22.4752714628571,0,-43.5194539542857,0,0,0,1.26569306328571,-0.000182750768786735,-0.0516163045420388,"30",5.731991111125,NA,21.31818520375,NA,-33.59907678375,NA,-0.0409255803741728
14,0.00352453306391015,10.579934401875,25.1713976375,0,-31.4851682285,0,0,0,5.544571469125,-0.000108191082567645,-0.0302348562063068,"30",8.28458531142857,NA,22.4752714628571,NA,-43.5194539542857,NA,-0.0302348562063068
1,0.00564721550133158,0,3.53777643642857,0.821206073571429,-19.4959824814286,0,0,0,-13.0769016657143,0.0014436290058608,0.295224497579124,"31",0,NA,3.48798178214286,NA,-19.2159283657143,NA,0.176389250717384
2,0.00547699185494903,0.000185245875,3.260436079,64.710166935,-19.533975795,0,0,0,-13.07647717625,0.00127340535947825,0.26461792473846,"31",0.00088075242857143,0.0015255079551754,3.38034371414286,0.230904243780575,-1.50974232652383,30.9108649716024,0.149479129003214
3,0.00523283306903848,0.00264225728571429,3.11527292385714,49.9452082657143,34.1826838675714,0,0,0,-13.0766700657143,0.0010292465735677,0.219014734140668,"31",0,0,3.51287910928572,0.0352101377122656,-19.3559554235715,0.198028164320784,0.159412786879993
4,0.00497576788041753,0.221031777625,3.032087783375,8.520846114375,218.7716547875,0,0,0,-13.05309692625,0.000772181384946749,0.168641614437257,"31",0.000706875790178573,0.00129320610205185,3.35036680535714,0.197835723363201,-6.01580069364288,26.799364984267,0.126451369856165
5,0.00473937991152629,0.983460195571429,12.4838564984286,0.00516494071428571,324.390899242857,0,0,0,-12.7912546214286,0.000535793416055509,0.11996821571304,"31",0.0447718561571429,0.0985386561721923,3.28671100096071,0.222743209202351,38.9416904025857,103.172353375346,0.115903808710892
6,0.00463202226996999,2.385687876125,18.7331510225,0,274.444260875,0,0,0,-12.053978905,0.000428435774499209,0.0970554575169569,"31",0.201219912726191,0.393222405050334,4.81956858387203,3.76000077749047,86.5165585426309,148.646682008251,0.114549006376842
7,0.0047268704007605,4.40403729157143,19.40200291,0,114.75656067,0,0,0,-10.5835340054286,0.000523283905289718,0.117325243602499,"31",0.513286764640306,0.900307312517831,6.80722321796174,6.27986742029922,113.363373161541,153.161538621787,0.123295780806785
8,0.00478365265900508,6.574810961875,21.12596056,0,-42.98755203075,0,0,0,-8.1714059395,0.000580066163534299,0.12926631801107,"31",0.999630580506697,1.60841611295094,8.38157067946652,7.32335134985362,113.537521600098,141.800886471117,0.11338637039366
9,0.00463411162221634,8.38974727757143,24.3195756928571,0,-76.1153400814286,0,0,0,-4.87019563442857,0.000430525126745559,0.0975064227762488,"31",6.574810961875,NA,21.12596056,NA,-42.98755203075,NA,0.0740962691805187
10,0.00442214204894481,10.09771636225,25.28513847625,0,-119.375219325,0,0,0,-0.7429342205,0.000218555553474028,0.0506861155847886,"31",8.38974727757143,NA,24.3195756928571,NA,-76.1153400814286,NA,0.0383657472611745
11,0.00431450873677058,11.9320918914286,23.2192957657143,0,-68.1901765771429,0,0,0,4.19345005857143,0.000110922241299799,0.0260453789375603,"31",10.09771636225,NA,25.28513847625,NA,-119.375219325,NA,0.0260453789375603
84,0.00429747437234304,5.506334356875,3.890973527125,40.426263675,3.003724800125,1,3,4,972.932004925,9.38878768722588e-05,0.022089405956339,"31",12.4236409981429,NA,3.95433602914286,NA,2.26337431128571,NA,0.0283825780510902
85,0.00435190569229699,1.2515111375,3.7265368485,36.813183995,3.027165209,1,3,4,975.6986012,0.000148319196826209,0.0346757501458415,"31",5.506334356875,NA,3.890973527125,NA,3.003724800125,NA,0.0346757501458415
1,0.00496705066448947,0,0,65.5223758914286,46.4862745414286,0,0,0,-8.04990778728571,0.00162849075847665,0.397286678326716,"32",0,NA,0,NA,45.8225984085714,NA,0.285624199620044
2,0.00491169486876247,0,0,66.24674391375,46.4701477975,0,0,0,-8.049646479625,0.00157313496274965,0.38607951162481,"32",1.590625e-06,3.18125e-06,0,0,46.3116907842411,0.326167152056748,0.255976278448654
3,0.00470625641954019,0,0,73.6022316528571,46.4707279957143,0,0,0,-8.04974698257143,0.00136769651352737,0.343353219760683,"32",0,0,0,0,46.154436475,0.469289894054989,0.27166638978171
4,0.00448016458546442,6.3625e-06,0,76.3025076,46.46716219125,0,0,0,-8.04965478875,0.0011416046794516,0.294120227801075,"32",0,0,0,0,46.2598669819048,0.378765465281167,0.261425414070428
5,0.00427139945616513,0.00272537728571429,0.0656782445714286,54.8640224642857,47.0850928542857,0,0,0,-8.049283974,0.000932839550152315,0.246401960348727,"32",1.2725e-06,2.84539650136848e-06,0,0,46.3433821868929,0.291222394950655,0.229955631813423
6,0.00416019969458018,0.505573568375,4.8957616435,0.248302847375,61.9253817825,0,0,0,-7.958411215,0.000821639788567364,0.22002352256471,"32",0.000455289964285715,0.00111211403384886,0.0109463740952381,0.0268130310669532,46.4670006314583,0.399421463716408,0.225844049679597
7,0.00412274614942766,1.92860457542857,16.0709072828571,0.190121638428571,86.1752220471429,0,0,0,-7.48079248528571,0.000784186243414845,0.210979928601968,"32",0.0726150440229592,0.190919463139159,0.708777126867347,1.84644887070576,48.6753407958929,5.85408506039848,0.227784225384559
8,0.00423074147416079,4.92157333475,15.59826779375,0.15995218725,90.49347222375,0,0,0,-5.987700140375,0.000892181568147975,0.236837712634538,"32",0.304613735448661,0.679580905152305,2.62904339636607,5.69400565954053,53.3628259522991,14.3232220461933,0.236186373775854
9,0.00422523376954509,7.55849366257143,16.0702607371429,0.076534043,66.6369317342857,0,0,0,-3.28883502771429,0.000886673863532274,0.23553503491717,"32",0.817609246482143,1.66510689743368,4.07006832940873,6.85988072880098,57.4884533157937,18.2399990088602,0.215166749977716
10,0.00405657093108799,9.585677062625,20.95111982375,0.000476153875,-11.28033858475,0,0,0,0.306282770375,0.000718011025075175,0.194798465038263,"32",7.55849366257143,NA,16.0702607371429,NA,66.6369317342857,NA,0.17205485618071
11,0.00387618258558484,12.1139635514286,20.6382114071429,0.000531892142857143,-40.19788723,0,0,0,4.84610549257143,0.000537622679572024,0.149311247323158,"32",9.585677062625,NA,20.95111982375,NA,-11.28033858475,NA,0.149311247323158
72,0.00366526150104136,5.138671364875,2.593644906625,52.94901045125,5.650385975625,1,1,4,779.0999031,0.000326701595028544,0.0933601328760068,"32",12.812314861,NA,5.10342323557143,NA,4.49304700242857,NA,0.0909890639734501
73,0.00364792147233528,1.361880934,0.0023758855,53.26941198,6.0554501175,1,1,4,781.7287451,0.000309361566322464,0.0886179950708934,"32",5.138671364875,NA,2.593644906625,NA,5.650385975625,NA,0.0886179950708934
1,0.00507156877071628,0.103868084714286,7.61607178871429,16.9363905344286,-15.2393835071429,0,0,0,-18.3658937671429,0.00131214962024001,0.299385720879791,"41",0.00851164271428571,NA,6.22835109914286,NA,-11.8165773014286,NA,0.260797778883526
2,0.00500674272150326,0.99133601875,19.61843018375,0.000738826625,-100.60426767125,0,0,0,-18.15655071625,0.00124732357102699,0.286521077426714,"41",0.0561898637142859,0.0674271867680219,6.92221144392857,0.98126670998883,-13.5279804042857,2.42028947874798,0.247935131551437
3,0.00481867623565426,3.05563765671429,24.0516076257143,0,-153.4498708,0,0,0,-17.2742271285714,0.00105925708517799,0.248234780377008,"41",0.367905248726191,0.542007985658039,11.1542843572024,7.36293186223149,-42.5534094932738,50.3026391154589,0.228642158613799
4,0.00463350687628565,5.696448113625,23.87301094,0,-105.80419929125,0,0,0,-15.32174661625,0.000874087725809377,0.209049536850591,"41",1.03983835072322,1.41485858371621,14.3786151743304,8.81629630920493,-70.2775248199554,69.0029705923976,0.204556988777048
5,0.00459206084771586,8.201303685,26.6599175357143,0,-13.4185591532857,0,0,0,-12.22221695,0.000832641697239587,0.200064440703504,"41",5.696448113625,NA,23.87301094,NA,-105.80419929125,NA,0.213501279871932
6,0.00471713955144715,10.249265682625,26.07957786125,0,57.856073105,0,0,0,-8.100417273625,0.000957720400970876,0.22693811904036,"41",8.201303685,NA,26.6599175357143,NA,-13.4185591532857,NA,0.22693811904036
72,0.00347323148136501,5.483232609625,5.896054117625,35.375736595,2.994425740875,1,1,4,813.4127777,-0.000286187669111263,-0.0791790387763047,"41",11.2010169427143,NA,9.55946989185714,NA,2.99811148314286,NA,-0.0642700917497789
73,0.00357835543132822,1.372532003,5.415628754,36.46090386,3.07666400766667,1,1,4,815.37793,-0.000181063719148053,-0.0493611447232531,"41",5.483232609625,NA,5.896054117625,NA,2.994425740875,NA,-0.0493611447232531
